,LEFT_EYE_OUTER_POS,LEFT_EYE_OUTER_DIST,RIGHT_EYE_OUTER_POS,RIGHT_EYE_OUTER_DIST,LEFT_SHOULDER_POS,LEFT_SHOULDER_DIST,RIGHT_SHOULDER_POS,RIGHT_SHOULDER_DIST,LEFT_ELBOW_POS,LEFT_ELBOW_DIST,RIGHT_ELBOW_POS,RIGHT_ELBOW_DIST,LEFT_WRIST_POS,LEFT_WRIST_DIST,RIGHT_WRIST_POS,RIGHT_WRIST_DIST,LEFT_HIP_POS,LEFT_HIP_DIST,RIGHT_HIP_POS,RIGHT_HIP_DIST,LEFT_KNEE_POS,LEFT_KNEE_DIST,RIGHT_KNEE_POS,RIGHT_KNEE_DIST,LEFT_ANKLE_POS,LEFT_ANKLE_DIST,RIGHT_ANKLE_POS,RIGHT_ANKLE_DIST
0,176.7811737060547,0,173.923095703125,0,211.9287872314453,0,200.73672485351562,0,260.6181640625,0,262.0172119140625,0,262.4578857421875,0,264.5416564941406,0,333.5655517578125,0,333.7440185546875,0,412.23486328125,0,414.70526123046875,0,498.75537109375,0,508.7161560058594,0
1,260.1181640625,83.33699035644531,259.05865478515625,85.13555908203125,269.70849609375,57.77970886230469,270.9130859375,70.17636108398438,312.23931884765625,51.62115478515625,320.3818054199219,58.364593505859375,324.6869201660156,62.229034423828125,368.7588195800781,104.2171630859375,371.6987609863281,38.133209228515625,375.80078125,42.0567626953125,399.5758361816406,-12.659027099609375,413.8166809082031,-0.888580322265625,472.80157470703125,-25.95379638671875,505.6100158691406,-3.10614013671875
2,260.1181640625,0.0,259.05865478515625,0.0,269.70849609375,0.0,270.9130859375,0.0,312.23931884765625,0.0,320.3818054199219,0.0,324.6869201660156,0.0,368.7588195800781,0.0,371.6987609863281,0.0,375.80078125,0.0,399.5758361816406,0.0,413.8166809082031,0.0,472.80157470703125,0.0,505.6100158691406,0.0
3,269.3075866699219,9.189422607421875,268.42578125,9.36712646484375,279.94921875,10.24072265625,286.9683837890625,16.0552978515625,304.5259704589844,-7.713348388671875,337.4468688964844,17.0650634765625,308.6002197265625,-16.086700439453125,395.02490234375,26.266082763671875,374.934814453125,3.236053466796875,377.9293518066406,2.128570556640625,419.60595703125,20.030120849609375,426.818603515625,13.001922607421875,491.11572265625,18.31414794921875,504.1131286621094,-1.49688720703125
4,266.04205322265625,-3.265533447265625,266.1469421386719,-2.278839111328125,280.09771728515625,0.14849853515625,290.37823486328125,3.40985107421875,317.7325134277344,13.20654296875,350.4300537109375,12.983184814453125,316.6379699707031,8.037750244140625,409.42218017578125,14.39727783203125,376.04791259765625,1.11309814453125,377.0444030761719,-0.88494873046875,425.743896484375,6.137939453125,439.13861083984375,12.32000732421875,497.0701599121094,5.954437255859375,499.53912353515625,-4.574005126953125
5,258.9840393066406,-7.058013916015625,259.18572998046875,-6.961212158203125,277.21826171875,-2.87945556640625,289.1455383300781,-1.232696533203125,302.67724609375,-15.055267333984375,348.93701171875,-1.4930419921875,318.8981018066406,2.2601318359375,409.8522644042969,0.430084228515625,369.9326171875,-6.11529541015625,373.5986022949219,-3.44580078125,422.8167724609375,-2.9271240234375,422.47515869140625,-16.6634521484375,492.5804443359375,-4.489715576171875,493.3145751953125,-6.22454833984375
6,258.9840393066406,0.0,259.18572998046875,0.0,277.21826171875,0.0,289.1455383300781,0.0,302.67724609375,0.0,348.93701171875,0.0,318.8981018066406,0.0,409.8522644042969,0.0,369.9326171875,0.0,373.5986022949219,0.0,422.8167724609375,0.0,422.47515869140625,0.0,492.5804443359375,0.0,493.3145751953125,0.0
7,250.57720947265625,-8.406829833984375,250.42935180664062,-8.756378173828125,277.171875,-0.04638671875,283.87744140625,-5.268096923828125,303.73870849609375,1.06146240234375,337.8280334472656,-11.108978271484375,330.6970520019531,11.7989501953125,397.5360412597656,-12.31622314453125,367.4837646484375,-2.4488525390625,369.11456298828125,-4.484039306640625,420.523193359375,-2.2935791015625,413.2130126953125,-9.26214599609375,490.6027526855469,-1.977691650390625,489.1512451171875,-4.163330078125
8,250.57720947265625,0.0,250.42935180664062,0.0,277.171875,0.0,283.87744140625,0.0,303.73870849609375,0.0,337.8280334472656,0.0,330.6970520019531,0.0,397.5360412597656,0.0,367.4837646484375,0.0,369.11456298828125,0.0,420.523193359375,0.0,413.2130126953125,0.0,490.6027526855469,0.0,489.1512451171875,0.0
9,242.91354370117188,-7.663665771484375,243.278076171875,-7.151275634765625,272.8013916015625,-4.3704833984375,285.79388427734375,1.91644287109375,300.10308837890625,-3.6356201171875,328.9215087890625,-8.906524658203125,321.50933837890625,-9.187713623046875,386.9894714355469,-10.54656982421875,368.4877014160156,1.003936767578125,370.6475830078125,1.53302001953125,427.1431884765625,6.6199951171875,429.0441589355469,15.831146240234375,498.876220703125,8.273468017578125,483.6894226074219,-5.461822509765625
10,241.73898315429688,-1.174560546875,239.51315307617188,-3.764923095703125,268.711669921875,-4.0897216796875,284.42425537109375,-1.36962890625,287.7523498535156,-12.350738525390625,325.5652160644531,-3.356292724609375,314.35137939453125,-7.157958984375,382.9015808105469,-4.087890625,368.7475280761719,0.25982666015625,372.47943115234375,1.83184814453125,430.9237976074219,3.780609130859375,457.2015075683594,28.1573486328125,499.04046630859375,0.16424560546875,488.23297119140625,4.543548583984375
11,225.57310485839844,-16.165878295898438,226.7906951904297,-12.722457885742188,267.0473937988281,-1.664276123046875,276.18597412109375,-8.23828125,288.99542236328125,1.243072509765625,323.8060302734375,-1.759185791015625,311.6207275390625,-2.73065185546875,372.56982421875,-10.331756591796875,367.2761535644531,-1.47137451171875,367.862548828125,-4.61688232421875,432.27032470703125,1.346527099609375,443.312255859375,-13.889251708984375,501.4334716796875,2.39300537109375,486.4064025878906,-1.826568603515625
12,225.57310485839844,0.0,226.7906951904297,0.0,267.0473937988281,0.0,276.18597412109375,0.0,288.99542236328125,0.0,323.8060302734375,0.0,311.6207275390625,0.0,372.56982421875,0.0,367.2761535644531,0.0,367.862548828125,0.0,432.27032470703125,0.0,443.312255859375,0.0,501.4334716796875,0.0,486.4064025878906,0.0
13,209.4287872314453,-16.144317626953125,211.70095825195312,-15.089736938476562,266.15093994140625,-0.896453857421875,260.4593811035156,-15.726593017578125,296.8602600097656,7.864837646484375,306.47772216796875,-17.32830810546875,322.3437194824219,10.722991943359375,361.013916015625,-11.555908203125,363.9884033203125,-3.287750244140625,354.1343688964844,-13.728179931640625,433.26898193359375,0.9986572265625,430.04864501953125,-13.26361083984375,500.6108093261719,-0.822662353515625,486.89276123046875,0.486358642578125
14,196.27401733398438,-13.154769897460938,198.313232421875,-13.387725830078125,252.5422821044922,-13.608657836914062,244.22987365722656,-16.229507446289062,295.27423095703125,-1.586029052734375,294.7659606933594,-11.711761474609375,318.223388671875,-4.120330810546875,342.94232177734375,-18.07159423828125,358.56793212890625,-5.42047119140625,346.6875915527344,-7.44677734375,434.51739501953125,1.2484130859375,421.04364013671875,-9.0050048828125,495.972900390625,-4.637908935546875,485.4748229980469,-1.417938232421875
15,196.27401733398438,0.0,198.313232421875,0.0,252.5422821044922,0.0,244.22987365722656,0.0,295.27423095703125,0.0,294.7659606933594,0.0,318.223388671875,0.0,342.94232177734375,0.0,358.56793212890625,0.0,346.6875915527344,0.0,434.51739501953125,0.0,421.04364013671875,0.0,495.972900390625,0.0,485.4748229980469,0.0
16,189.51510620117188,-6.7589111328125,191.05593872070312,-7.257293701171875,245.78782653808594,-6.75445556640625,238.31768798828125,-5.9121856689453125,288.566650390625,-6.70758056640625,292.4319763183594,-2.333984375,317.65899658203125,-0.56439208984375,336.55047607421875,-6.391845703125,357.1496276855469,-1.418304443359375,347.2012634277344,0.513671875,433.66650390625,-0.85089111328125,416.4554138183594,-4.588226318359375,492.085693359375,-3.88720703125,484.80615234375,-0.668670654296875
17,186.1842041015625,-3.330902099609375,188.94578552246094,-2.1101531982421875,238.61746215820312,-7.1703643798828125,237.4947509765625,-0.82293701171875,266.9295959472656,-21.637054443359375,292.2183837890625,-0.213592529296875,304.7537536621094,-12.905242919921875,332.78533935546875,-3.76513671875,356.7397766113281,-0.40985107421875,349.595458984375,2.394195556640625,432.39599609375,-1.2705078125,418.37640380859375,1.920989990234375,492.335693359375,0.25,485.3724365234375,0.5662841796875
18,186.1842041015625,0.0,188.94578552246094,0.0,238.61746215820312,0.0,237.4947509765625,0.0,266.9295959472656,0.0,292.2183837890625,0.0,304.7537536621094,0.0,332.78533935546875,0.0,356.7397766113281,0.0,349.595458984375,0.0,432.39599609375,0.0,418.37640380859375,0.0,492.335693359375,0.0,485.3724365234375,0.0
19,185.1042022705078,-1.0800018310546875,187.4512481689453,-1.494537353515625,235.6875,-2.929962158203125,236.1955108642578,-1.2992401123046875,269.91583251953125,2.986236572265625,293.2942810058594,1.075897216796875,305.1498718261719,0.3961181640625,332.55609130859375,-0.229248046875,352.30145263671875,-4.438323974609375,350.77813720703125,1.18267822265625,423.4819030761719,-8.914093017578125,418.8946838378906,0.518280029296875,488.7991943359375,-3.5364990234375,491.96478271484375,6.59234619140625
20,185.1042022705078,0.0,187.4512481689453,0.0,235.6875,0.0,236.1955108642578,0.0,269.91583251953125,0.0,293.2942810058594,0.0,305.1498718261719,0.0,332.55609130859375,0.0,352.30145263671875,0.0,350.77813720703125,0.0,423.4819030761719,0.0,418.8946838378906,0.0,488.7991943359375,0.0,491.96478271484375,0.0
21,174.69583129882812,-10.408370971679688,175.7453155517578,-11.7059326171875,226.4594268798828,-9.228073120117188,230.22134399414062,-5.9741668701171875,272.40191650390625,2.486083984375,286.2008361816406,-7.09344482421875,306.76953125,1.619659423828125,324.44720458984375,-8.10888671875,344.2449645996094,-8.056488037109375,348.3689880371094,-2.409149169921875,417.0325927734375,-6.449310302734375,419.822998046875,0.928314208984375,484.826904296875,-3.9722900390625,494.770751953125,2.80596923828125
22,162.31961059570312,-12.376220703125,165.1547088623047,-10.590606689453125,208.44036865234375,-18.019058227539062,220.58096313476562,-9.640380859375,266.8383483886719,-5.563568115234375,280.076171875,-6.124664306640625,286.9137878417969,-19.855743408203125,315.515380859375,-8.93182373046875,332.34393310546875,-11.901031494140625,339.03692626953125,-9.332061767578125,412.5892639160156,-4.443328857421875,418.232177734375,-1.5908203125,481.631591796875,-3.1953125,495.28338623046875,0.51263427734375
23,154.08358764648438,-8.23602294921875,160.04598999023438,-5.1087188720703125,195.76902770996094,-12.671340942382812,211.0257110595703,-9.555252075195312,257.80291748046875,-9.035430908203125,272.3807678222656,-7.695404052734375,244.15899658203125,-42.754791259765625,305.1220703125,-10.393310546875,322.20172119140625,-10.1422119140625,326.5380554199219,-12.498870849609375,411.7445373535156,-0.8447265625,413.5601501464844,-4.672027587890625,483.0165100097656,1.384918212890625,495.8548583984375,0.57147216796875
24,162.1317138671875,8.048126220703125,169.22970581054688,9.1837158203125,204.2620849609375,8.493057250976562,209.45016479492188,-1.5755462646484375,260.5443115234375,2.74139404296875,273.3324890136719,0.95172119140625,228.18360900878906,-15.975387573242188,308.2060852050781,3.084014892578125,329.5964050292969,7.394683837890625,330.5626220703125,4.024566650390625,411.9884033203125,0.243865966796875,415.13433837890625,1.574188232421875,494.5791015625,11.562591552734375,497.7825622558594,1.927703857421875
25,158.8944854736328,-3.2372283935546875,162.1561279296875,-7.073577880859375,202.81787109375,-1.4442138671875,207.6483917236328,-1.8017730712890625,254.49542236328125,-6.04888916015625,266.1214904785156,-7.21099853515625,202.22430419921875,-25.959304809570312,304.1446533203125,-4.061431884765625,328.48419189453125,-1.112213134765625,327.4054260253906,-3.157196044921875,413.24560546875,1.2572021484375,416.0455017089844,0.911163330078125,497.3459167480469,2.766815185546875,497.5948791503906,-0.18768310546875
26,152.12782287597656,-6.76666259765625,154.9312286376953,-7.2248992919921875,197.54095458984375,-5.27691650390625,199.17694091796875,-8.471450805664062,240.87353515625,-13.62188720703125,256.1269226074219,-9.99456787109375,184.18252563476562,-18.041778564453125,280.26666259765625,-23.87799072265625,323.1326904296875,-5.35150146484375,323.63824462890625,-3.767181396484375,412.56732177734375,-0.67828369140625,415.0920104980469,-0.9534912109375,498.6795349121094,1.3336181640625,497.3695068359375,-0.225372314453125
27,151.7913818359375,-0.3364410400390625,154.68324279785156,-0.24798583984375,195.2542266845703,-2.2867279052734375,201.65338134765625,2.4764404296875,228.31564331054688,-12.557891845703125,250.47080993652344,-5.6561126708984375,170.48849487304688,-13.69403076171875,266.4004821777344,-13.866180419921875,321.91473388671875,-1.21795654296875,322.91656494140625,-0.7216796875,411.7806396484375,-0.78668212890625,412.38037109375,-2.711639404296875,498.72442626953125,0.044891357421875,495.74835205078125,-1.62115478515625
28,151.7913818359375,0.0,154.68324279785156,0.0,195.2542266845703,0.0,201.65338134765625,0.0,228.31564331054688,0.0,250.47080993652344,0.0,170.48849487304688,0.0,266.4004821777344,0.0,321.91473388671875,0.0,322.91656494140625,0.0,411.7806396484375,0.0,412.38037109375,0.0,498.72442626953125,0.0,495.74835205078125,0.0
29,155.5863800048828,3.7949981689453125,158.7917022705078,4.10845947265625,195.28216552734375,0.0279388427734375,204.63955688476562,2.986175537109375,214.57254028320312,-13.74310302734375,251.14736938476562,0.6765594482421875,159.18756103515625,-11.300933837890625,261.72589111328125,-4.674591064453125,323.6669616699219,1.752227783203125,324.08251953125,1.16595458984375,412.6976318359375,0.9169921875,410.053466796875,-2.326904296875,499.8296813964844,1.105255126953125,492.3848876953125,-3.36346435546875
30,155.5863800048828,0.0,158.7917022705078,0.0,195.28216552734375,0.0,204.63955688476562,0.0,214.57254028320312,0.0,251.14736938476562,0.0,159.18756103515625,0.0,261.72589111328125,0.0,323.6669616699219,0.0,324.08251953125,0.0,412.6976318359375,0.0,410.053466796875,0.0,499.8296813964844,0.0,492.3848876953125,0.0
31,155.5863800048828,0.0,158.7917022705078,0.0,195.28216552734375,0.0,204.63955688476562,0.0,214.57254028320312,0.0,251.14736938476562,0.0,159.18756103515625,0.0,261.72589111328125,0.0,323.6669616699219,0.0,324.08251953125,0.0,412.6976318359375,0.0,410.053466796875,0.0,499.8296813964844,0.0,492.3848876953125,0.0
32,159.1983642578125,3.6119842529296875,162.41030883789062,3.6186065673828125,196.98236083984375,1.7001953125,208.046630859375,3.407073974609375,203.21998596191406,-11.352554321289062,253.05178833007812,1.9044189453125,156.49021911621094,-2.6973419189453125,259.70025634765625,-2.025634765625,325.4958801269531,1.82891845703125,326.277099609375,2.194580078125,416.0604553222656,3.362823486328125,411.13262939453125,1.07916259765625,499.7392272949219,-0.0904541015625,491.16015625,-1.2247314453125
33,159.1983642578125,0.0,162.41030883789062,0.0,196.98236083984375,0.0,208.046630859375,0.0,203.21998596191406,0.0,253.05178833007812,0.0,156.49021911621094,0.0,259.70025634765625,0.0,325.4958801269531,0.0,326.277099609375,0.0,416.0604553222656,0.0,411.13262939453125,0.0,499.7392272949219,0.0,491.16015625,0.0
34,159.1983642578125,0.0,162.41030883789062,0.0,196.98236083984375,0.0,208.046630859375,0.0,203.21998596191406,0.0,253.05178833007812,0.0,156.49021911621094,0.0,259.70025634765625,0.0,325.4958801269531,0.0,326.277099609375,0.0,416.0604553222656,0.0,411.13262939453125,0.0,499.7392272949219,0.0,491.16015625,0.0
35,159.94015502929688,0.741790771484375,163.84957885742188,1.43927001953125,196.94683837890625,-0.0355224609375,209.80470275878906,1.7580718994140625,200.61520385742188,-2.6047821044921875,255.07704162597656,2.0252532958984375,163.40701293945312,6.9167938232421875,258.0328063964844,-1.667449951171875,327.07965087890625,1.583770751953125,327.63104248046875,1.35394287109375,417.69189453125,1.631439208984375,411.8102722167969,0.677642822265625,499.7750549316406,0.03582763671875,491.3779296875,0.2177734375
36,159.94015502929688,0.0,163.84957885742188,0.0,196.94683837890625,0.0,209.80470275878906,0.0,200.61520385742188,0.0,255.07704162597656,0.0,163.40701293945312,0.0,258.0328063964844,0.0,327.07965087890625,0.0,327.63104248046875,0.0,417.69189453125,0.0,411.8102722167969,0.0,499.7750549316406,0.0,491.3779296875,0.0
37,159.94015502929688,0.0,163.84957885742188,0.0,196.94683837890625,0.0,209.80470275878906,0.0,200.61520385742188,0.0,255.07704162597656,0.0,163.40701293945312,0.0,258.0328063964844,0.0,327.07965087890625,0.0,327.63104248046875,0.0,417.69189453125,0.0,411.8102722167969,0.0,499.7750549316406,0.0,491.3779296875,0.0
38,163.15016174316406,3.2100067138671875,168.28245544433594,4.4328765869140625,196.80206298828125,-0.144775390625,211.38343811035156,1.5787353515625,197.3611602783203,-3.2540435791015625,255.87973022460938,0.8026885986328125,164.88502502441406,1.4780120849609375,255.7303009033203,-2.3025054931640625,327.7450256347656,0.665374755859375,328.2833557128906,0.652313232421875,418.7896728515625,1.0977783203125,412.8157958984375,1.005523681640625,499.99078369140625,0.215728759765625,491.43017578125,0.05224609375
39,163.15016174316406,0.0,168.28245544433594,0.0,196.80206298828125,0.0,211.38343811035156,0.0,197.3611602783203,0.0,255.87973022460938,0.0,164.88502502441406,0.0,255.7303009033203,0.0,327.7450256347656,0.0,328.2833557128906,0.0,418.7896728515625,0.0,412.8157958984375,0.0,499.99078369140625,0.0,491.43017578125,0.0
40,163.15016174316406,0.0,168.28245544433594,0.0,196.80206298828125,0.0,211.38343811035156,0.0,197.3611602783203,0.0,255.87973022460938,0.0,164.88502502441406,0.0,255.7303009033203,0.0,327.7450256347656,0.0,328.2833557128906,0.0,418.7896728515625,0.0,412.8157958984375,0.0,499.99078369140625,0.0,491.43017578125,0.0
41,163.39820861816406,0.248046875,168.94178771972656,0.659332275390625,194.56350708007812,-2.238555908203125,211.96453857421875,0.5811004638671875,184.35263061523438,-13.008529663085938,250.6293487548828,-5.2503814697265625,157.87570190429688,-7.0093231201171875,247.6478271484375,-8.082473754882812,328.10662841796875,0.361602783203125,328.16705322265625,-0.116302490234375,417.2988586425781,-1.490814208984375,412.76141357421875,-0.05438232421875,498.27838134765625,-1.71240234375,487.0841979980469,-4.345977783203125
42,163.39820861816406,0.0,168.94178771972656,0.0,194.56350708007812,0.0,211.96453857421875,0.0,184.35263061523438,0.0,250.6293487548828,0.0,157.87570190429688,0.0,247.6478271484375,0.0,328.10662841796875,0.0,328.16705322265625,0.0,417.2988586425781,0.0,412.76141357421875,0.0,498.27838134765625,0.0,487.0841979980469,0.0
43,163.39820861816406,0.0,168.94178771972656,0.0,194.56350708007812,0.0,211.96453857421875,0.0,184.35263061523438,0.0,250.6293487548828,0.0,157.87570190429688,0.0,247.6478271484375,0.0,328.10662841796875,0.0,328.16705322265625,0.0,417.2988586425781,0.0,412.76141357421875,0.0,498.27838134765625,0.0,487.0841979980469,0.0
44,169.09848022460938,5.7002716064453125,175.3252410888672,6.383453369140625,194.42813110351562,-0.1353759765625,212.222900390625,0.25836181640625,186.0757293701172,1.7230987548828125,252.9973602294922,2.368011474609375,159.6627197265625,1.787017822265625,245.1416015625,-2.5062255859375,328.5909423828125,0.48431396484375,328.67010498046875,0.5030517578125,416.7330627441406,-0.5657958984375,411.90557861328125,-0.8558349609375,498.8768005371094,0.598419189453125,487.3019714355469,0.2177734375
45,169.09848022460938,0.0,175.3252410888672,0.0,194.42813110351562,0.0,212.222900390625,0.0,186.0757293701172,0.0,252.9973602294922,0.0,159.6627197265625,0.0,245.1416015625,0.0,328.5909423828125,0.0,328.67010498046875,0.0,416.7330627441406,0.0,411.90557861328125,0.0,498.8768005371094,0.0,487.3019714355469,0.0
46,169.09848022460938,0.0,175.3252410888672,0.0,194.42813110351562,0.0,212.222900390625,0.0,186.0757293701172,0.0,252.9973602294922,0.0,159.6627197265625,0.0,245.1416015625,0.0,328.5909423828125,0.0,328.67010498046875,0.0,416.7330627441406,0.0,411.90557861328125,0.0,498.8768005371094,0.0,487.3019714355469,0.0
47,174.7209014892578,5.6224212646484375,182.01763916015625,6.6923980712890625,195.9469757080078,1.5188446044921875,216.95513916015625,4.73223876953125,194.88412475585938,8.808395385742188,254.48179626464844,1.48443603515625,164.66818237304688,5.005462646484375,247.09120178222656,1.9496002197265625,332.2859191894531,3.694976806640625,330.37066650390625,1.7005615234375,418.57623291015625,1.843170166015625,412.37310791015625,0.467529296875,499.3093566894531,0.43255615234375,487.80523681640625,0.503265380859375
48,174.7209014892578,0.0,182.01763916015625,0.0,195.9469757080078,0.0,216.95513916015625,0.0,194.88412475585938,0.0,254.48179626464844,0.0,164.66818237304688,0.0,247.09120178222656,0.0,332.2859191894531,0.0,330.37066650390625,0.0,418.57623291015625,0.0,412.37310791015625,0.0,499.3093566894531,0.0,487.80523681640625,0.0
49,177.47442626953125,2.7535247802734375,183.40383911132812,1.386199951171875,195.7677459716797,-0.179229736328125,218.2723388671875,1.31719970703125,188.9777374267578,-5.9063873291015625,254.98617553710938,0.5043792724609375,169.7223663330078,5.0541839599609375,249.92124938964844,2.830047607421875,330.744384765625,-1.541534423828125,328.5556335449219,-1.815032958984375,412.7449035644531,-5.831329345703125,408.9896240234375,-3.38348388671875,497.2932434082031,-2.01611328125,488.1585998535156,0.353363037109375
50,177.47442626953125,0.0,183.40383911132812,0.0,195.7677459716797,0.0,218.2723388671875,0.0,188.9777374267578,0.0,254.98617553710938,0.0,169.7223663330078,0.0,249.92124938964844,0.0,330.744384765625,0.0,328.5556335449219,0.0,412.7449035644531,0.0,408.9896240234375,0.0,497.2932434082031,0.0,488.1585998535156,0.0
51,176.93106079101562,-0.543365478515625,183.78955078125,0.385711669921875,194.08935546875,-1.6783905029296875,221.22845458984375,2.95611572265625,177.25189208984375,-11.725845336914062,256.91259765625,1.926422119140625,176.7115936279297,6.989227294921875,253.96932983398438,4.0480804443359375,327.40521240234375,-3.33917236328125,325.2861328125,-3.269500732421875,411.4401550292969,-1.30474853515625,405.3448486328125,-3.644775390625,496.7315673828125,-0.561676025390625,489.42279052734375,1.264190673828125
52,176.93106079101562,0.0,183.78955078125,0.0,194.08935546875,0.0,221.22845458984375,0.0,177.25189208984375,0.0,256.91259765625,0.0,176.7115936279297,0.0,253.96932983398438,0.0,327.40521240234375,0.0,325.2861328125,0.0,411.4401550292969,0.0,405.3448486328125,0.0,496.7315673828125,0.0,489.42279052734375,0.0
53,179.80027770996094,2.8692169189453125,187.15740966796875,3.36785888671875,191.77914428710938,-2.310211181640625,223.1078338623047,1.8793792724609375,172.07762145996094,-5.1742706298828125,258.56378173828125,1.65118408203125,177.2457733154297,0.5341796875,256.4071350097656,2.43780517578125,327.3940734863281,-0.011138916015625,325.7677917480469,0.481658935546875,411.2873840332031,-0.15277099609375,404.87103271484375,-0.47381591796875,496.0577392578125,-0.673828125,489.7273254394531,0.304534912109375
54,179.80027770996094,0.0,187.15740966796875,0.0,191.77914428710938,0.0,223.1078338623047,0.0,172.07762145996094,0.0,258.56378173828125,0.0,177.2457733154297,0.0,256.4071350097656,0.0,327.3940734863281,0.0,325.7677917480469,0.0,411.2873840332031,0.0,404.87103271484375,0.0,496.0577392578125,0.0,489.7273254394531,0.0
55,179.1761932373047,-0.62408447265625,187.73385620117188,0.576446533203125,189.60528564453125,-2.173858642578125,228.64971923828125,5.5418853759765625,168.54598999023438,-3.5316314697265625,263.2901916503906,4.726409912109375,188.21913146972656,10.973358154296875,270.38568115234375,13.978546142578125,325.7147216796875,-1.679351806640625,326.0470275878906,0.27923583984375,406.06134033203125,-5.226043701171875,405.7098388671875,0.83880615234375,485.28668212890625,-10.77105712890625,490.03167724609375,0.304351806640625
56,179.1761932373047,0.0,187.73385620117188,0.0,189.60528564453125,0.0,228.64971923828125,0.0,168.54598999023438,0.0,263.2901916503906,0.0,188.21913146972656,0.0,270.38568115234375,0.0,325.7147216796875,0.0,326.0470275878906,0.0,406.06134033203125,0.0,405.7098388671875,0.0,485.28668212890625,0.0,490.03167724609375,0.0
57,178.48268127441406,-0.693511962890625,187.70208740234375,-0.031768798828125,186.82827758789062,-2.777008056640625,232.64529418945312,3.995574951171875,168.94894409179688,0.4029541015625,270.108642578125,6.818450927734375,199.82879638671875,11.609664916992188,284.3958740234375,14.01019287109375,321.551025390625,-4.1636962890625,326.6493225097656,0.602294921875,391.655029296875,-14.40631103515625,406.3269348144531,0.617095947265625,461.91082763671875,-23.3758544921875,489.2024230957031,-0.829254150390625
58,178.48268127441406,0.0,187.70208740234375,0.0,186.82827758789062,0.0,232.64529418945312,0.0,168.94894409179688,0.0,270.108642578125,0.0,199.82879638671875,0.0,284.3958740234375,0.0,321.551025390625,0.0,326.6493225097656,0.0,391.655029296875,0.0,406.3269348144531,0.0,461.91082763671875,0.0,489.2024230957031,0.0
59,183.02529907226562,4.5426177978515625,195.18942260742188,7.487335205078125,188.42062377929688,1.59234619140625,238.5153045654297,5.8700103759765625,174.24258422851562,5.29364013671875,285.6177062988281,15.509063720703125,211.4498291015625,11.62103271484375,315.18017578125,30.7843017578125,320.86663818359375,-0.68438720703125,329.9715881347656,3.322265625,364.7350769042969,-26.919952392578125,406.5871887207031,0.26025390625,410.6877136230469,-51.223114013671875,492.16558837890625,2.963165283203125
60,183.02529907226562,0.0,195.18942260742188,0.0,188.42062377929688,0.0,238.5153045654297,0.0,174.24258422851562,0.0,285.6177062988281,0.0,211.4498291015625,0.0,315.18017578125,0.0,320.86663818359375,0.0,329.9715881347656,0.0,364.7350769042969,0.0,406.5871887207031,0.0,410.6877136230469,0.0,492.16558837890625,0.0
61,181.85293579101562,-1.17236328125,192.84909057617188,-2.34033203125,189.09414672851562,0.67352294921875,239.4862518310547,0.970947265625,184.81362915039062,10.571044921875,302.6512451171875,17.033538818359375,226.2128448486328,14.763015747070312,357.97442626953125,42.79425048828125,315.05322265625,-5.81341552734375,329.65948486328125,-0.312103271484375,343.8919677734375,-20.843109130859375,406.90283203125,0.315643310546875,384.9427490234375,-25.744964599609375,492.980224609375,0.81463623046875
62,181.85293579101562,0.0,192.84909057617188,0.0,189.09414672851562,0.0,239.4862518310547,0.0,184.81362915039062,0.0,302.6512451171875,0.0,226.2128448486328,0.0,357.97442626953125,0.0,315.05322265625,0.0,329.65948486328125,0.0,343.8919677734375,0.0,406.90283203125,0.0,384.9427490234375,0.0,492.980224609375,0.0
63,170.08116149902344,-11.771774291992188,176.9530487060547,-15.896041870117188,187.84661865234375,-1.247528076171875,237.87416076660156,-1.612091064453125,201.81698608398438,17.00335693359375,293.6954650878906,-8.955780029296875,239.31687927246094,13.104034423828125,352.1280212402344,-5.846405029296875,308.7917785644531,-6.261444091796875,327.11029052734375,-2.5491943359375,340.2594299316406,-3.632537841796875,406.8138427734375,-0.0889892578125,387.1609802246094,2.218231201171875,492.9063720703125,-0.0738525390625
64,159.08895874023438,-10.992202758789062,161.6146240234375,-15.338424682617188,188.23855590820312,0.391937255859375,224.24215698242188,-13.632003784179688,229.43118286132812,27.61419677734375,288.6371154785156,-5.058349609375,259.5559387207031,20.239059448242188,324.9674072265625,-27.160614013671875,307.8357238769531,-0.9560546875,326.8971252441406,-0.213165283203125,349.50567626953125,9.246246337890625,406.87152099609375,0.05767822265625,411.3717041015625,24.210723876953125,492.8724365234375,-0.033935546875
65,157.1355743408203,-1.9533843994140625,160.18856811523438,-1.426055908203125,188.67373657226562,0.4351806640625,215.1299285888672,-9.112228393554688,237.22195434570312,7.790771484375,288.2281188964844,-0.40899658203125,264.845458984375,5.289520263671875,291.50140380859375,-33.46600341796875,307.08349609375,-0.752227783203125,324.3895263671875,-2.507598876953125,359.90826416015625,10.402587890625,407.0682067871094,0.196685791015625,412.70135498046875,1.32965087890625,492.42535400390625,-0.44708251953125
66,146.75372314453125,-10.381851196289062,147.88241577148438,-12.30615234375,192.29312133789062,3.619384765625,205.0224151611328,-10.107513427734375,240.05169677734375,2.829742431640625,271.9837646484375,-16.244354248046875,259.9093017578125,-4.9361572265625,274.0499267578125,-17.45147705078125,308.7793273925781,1.695831298828125,322.4769287109375,-1.91259765625,385.839111328125,25.93084716796875,407.19976806640625,0.131561279296875,476.1307067871094,63.429351806640625,492.4024963378906,-0.022857666015625
67,151.8751678466797,5.1214447021484375,152.71485900878906,4.8324432373046875,195.78826904296875,3.495147705078125,202.17227172851562,-2.8501434326171875,239.2619171142578,-0.7897796630859375,258.0084533691406,-13.975311279296875,253.18829345703125,-6.72100830078125,271.8036193847656,-2.246307373046875,313.225830078125,4.446502685546875,322.98681640625,0.5098876953125,400.34283447265625,14.50372314453125,408.25787353515625,1.05810546875,492.3445129394531,16.21380615234375,492.3646240234375,-0.037872314453125
68,155.0391845703125,3.1640167236328125,156.11013793945312,3.3952789306640625,204.69764709472656,8.909378051757812,201.57070922851562,-0.6015625,239.06922912597656,-0.19268798828125,247.9031982421875,-10.105255126953125,246.69561767578125,-6.49267578125,272.87615966796875,1.072540283203125,319.683349609375,6.45751953125,327.1009826660156,4.114166259765625,407.1495361328125,6.80670166015625,415.35467529296875,7.0968017578125,494.9876403808594,2.64312744140625,492.8334045410156,0.468780517578125
69,169.41908264160156,14.379898071289062,166.65528869628906,10.545150756835938,206.45948791503906,1.7618408203125,199.77328491210938,-1.79742431640625,232.95172119140625,-6.1175079345703125,239.936767578125,-7.9664306640625,236.6805419921875,-10.01507568359375,279.0551452636719,6.178985595703125,320.3935546875,0.710205078125,328.50579833984375,1.404815673828125,409.3441467285156,2.194610595703125,416.4033203125,1.04864501953125,493.391357421875,-1.596282958984375,494.123779296875,1.290374755859375
70,169.41908264160156,0.0,166.65528869628906,0.0,206.45948791503906,0.0,199.77328491210938,0.0,232.95172119140625,0.0,239.936767578125,0.0,236.6805419921875,0.0,279.0551452636719,0.0,320.3935546875,0.0,328.50579833984375,0.0,409.3441467285156,0.0,416.4033203125,0.0,493.391357421875,0.0,494.123779296875,0.0
71,169.93849182128906,0.5194091796875,167.1943359375,0.5390472412109375,204.42156982421875,-2.0379180908203125,197.96018981933594,-1.8130950927734375,229.9513397216797,-3.0003814697265625,235.75888061523438,-4.177886962890625,226.4607391357422,-10.219802856445312,278.95947265625,-0.095672607421875,320.19561767578125,-0.19793701171875,328.4469299316406,-0.058868408203125,407.36669921875,-1.977447509765625,416.1827392578125,-0.2205810546875,492.5081787109375,-0.8831787109375,491.8729248046875,-2.2508544921875
72,169.93849182128906,0.0,167.1943359375,0.0,204.42156982421875,0.0,197.96018981933594,0.0,229.9513397216797,0.0,235.75888061523438,0.0,226.4607391357422,0.0,278.95947265625,0.0,320.19561767578125,0.0,328.4469299316406,0.0,407.36669921875,0.0,416.1827392578125,0.0,492.5081787109375,0.0,491.8729248046875,0.0
73,171.58058166503906,1.64208984375,168.4459228515625,1.2515869140625,203.465087890625,-0.95648193359375,199.29644775390625,1.3362579345703125,228.09298706054688,-1.8583526611328125,239.9813690185547,4.2224884033203125,222.92324829101562,-3.5374908447265625,274.877685546875,-4.081787109375,321.4813537597656,1.285736083984375,328.43731689453125,-0.009613037109375,410.2471618652344,2.880462646484375,415.63092041015625,-0.55181884765625,493.1256103515625,0.617431640625,492.59478759765625,0.72186279296875
74,171.58058166503906,0.0,168.4459228515625,0.0,203.465087890625,0.0,199.29644775390625,0.0,228.09298706054688,0.0,239.9813690185547,0.0,222.92324829101562,0.0,274.877685546875,0.0,321.4813537597656,0.0,328.43731689453125,0.0,410.2471618652344,0.0,415.63092041015625,0.0,493.1256103515625,0.0,492.59478759765625,0.0
75,178.9452362060547,7.364654541015625,177.05218505859375,8.60626220703125,207.91647338867188,4.451385498046875,206.68548583984375,7.3890380859375,225.12490844726562,-2.96807861328125,244.75157165527344,4.77020263671875,224.3397674560547,1.4165191650390625,280.29046630859375,5.41278076171875,328.0669860839844,6.58563232421875,332.097412109375,3.66009521484375,408.82855224609375,-1.418609619140625,415.1708679199219,-0.460052490234375,492.100830078125,-1.0247802734375,493.243896484375,0.64910888671875
76,178.9452362060547,0.0,177.05218505859375,0.0,207.91647338867188,0.0,206.68548583984375,0.0,225.12490844726562,0.0,244.75157165527344,0.0,224.3397674560547,0.0,280.29046630859375,0.0,328.0669860839844,0.0,332.097412109375,0.0,408.82855224609375,0.0,415.1708679199219,0.0,492.100830078125,0.0,493.243896484375,0.0
77,188.89341735839844,9.94818115234375,191.69705200195312,14.644866943359375,210.40724182128906,2.4907684326171875,218.94775390625,12.26226806640625,226.13328552246094,1.0083770751953125,245.30255126953125,0.5509796142578125,232.30877685546875,7.9690093994140625,289.504638671875,9.21417236328125,329.82513427734375,1.758148193359375,333.88165283203125,1.78424072265625,406.1859130859375,-2.64263916015625,410.5778503417969,-4.593017578125,489.2329406738281,-2.867889404296875,493.0039978027344,-0.239898681640625
78,188.89341735839844,0.0,191.69705200195312,0.0,210.40724182128906,0.0,218.94775390625,0.0,226.13328552246094,0.0,245.30255126953125,0.0,232.30877685546875,0.0,289.504638671875,0.0,329.82513427734375,0.0,333.88165283203125,0.0,406.1859130859375,0.0,410.5778503417969,0.0,489.2329406738281,0.0,493.0039978027344,0.0
79,190.15774536132812,1.2643280029296875,190.2025604248047,-1.4944915771484375,214.92584228515625,4.5186004638671875,224.8110809326172,5.8633270263671875,231.64190673828125,5.5086212158203125,249.1494903564453,3.8469390869140625,237.3564910888672,5.0477142333984375,295.54998779296875,6.04534912109375,330.6665344238281,0.841400146484375,334.58868408203125,0.70703125,405.3470153808594,-0.838897705078125,409.209716796875,-1.368133544921875,488.4205627441406,-0.8123779296875,492.3573303222656,-0.64666748046875
80,187.71884155273438,-2.43890380859375,188.824951171875,-1.3776092529296875,214.08250427246094,-0.8433380126953125,224.2864990234375,-0.5245819091796875,241.3721466064453,9.730239868164062,254.10353088378906,4.95404052734375,238.4681396484375,1.1116485595703125,300.59381103515625,5.0438232421875,329.4893798828125,-1.177154541015625,333.7794494628906,-0.809234619140625,404.2509765625,-1.096038818359375,408.57830810546875,-0.63140869140625,479.6426086425781,-8.7779541015625,491.83282470703125,-0.524505615234375
81,187.5118865966797,-0.2069549560546875,189.675537109375,0.8505859375,213.20565795898438,-0.8768463134765625,222.6156005859375,-1.6708984375,250.05934143066406,8.68719482421875,258.19287109375,4.0893402099609375,236.5214385986328,-1.9467010498046875,305.4131774902344,4.819366455078125,329.0006103515625,-0.48876953125,333.4959411621094,-0.28350830078125,406.94970703125,2.69873046875,409.12225341796875,0.5439453125,470.63330078125,-9.009307861328125,489.3167419433594,-2.516082763671875
82,198.030517578125,10.518630981445312,198.76817321777344,9.092636108398438,222.28289794921875,9.077239990234375,229.54476928710938,6.929168701171875,271.89837646484375,21.839035034179688,271.25042724609375,13.05755615234375,230.65904235839844,-5.862396240234375,313.9626770019531,8.54949951171875,337.28753662109375,8.28692626953125,336.82012939453125,3.324188232421875,406.7053527832031,-0.244354248046875,408.014404296875,-1.10784912109375,470.00897216796875,-0.62432861328125,490.66204833984375,1.345306396484375
83,198.030517578125,0.0,198.76817321777344,0.0,222.28289794921875,0.0,229.54476928710938,0.0,271.89837646484375,0.0,271.25042724609375,0.0,230.65904235839844,0.0,313.9626770019531,0.0,337.28753662109375,0.0,336.82012939453125,0.0,406.7053527832031,0.0,408.014404296875,0.0,470.00897216796875,0.0,490.66204833984375,0.0
84,196.2417755126953,-1.7887420654296875,196.7265167236328,-2.041656494140625,223.51646423339844,1.2335662841796875,230.57254028320312,1.02777099609375,272.7954406738281,0.897064208984375,271.89813232421875,0.647705078125,230.09141540527344,-0.567626953125,314.7646484375,0.801971435546875,334.8926086425781,-2.394927978515625,336.13897705078125,-0.68115234375,406.024658203125,-0.680694580078125,408.6184387207031,0.604034423828125,464.508056640625,-5.50091552734375,490.6724853515625,0.01043701171875
85,196.2417755126953,0.0,196.7265167236328,0.0,223.51646423339844,0.0,230.57254028320312,0.0,272.7954406738281,0.0,271.89813232421875,0.0,230.09141540527344,0.0,314.7646484375,0.0,334.8926086425781,0.0,336.13897705078125,0.0,406.024658203125,0.0,408.6184387207031,0.0,464.508056640625,0.0,490.6724853515625,0.0
86,198.25863647460938,2.0168609619140625,197.92233276367188,1.1958160400390625,225.2775421142578,1.761077880859375,229.94752502441406,-0.6250152587890625,274.42022705078125,1.624786376953125,271.6253967285156,-0.272735595703125,227.40660095214844,-2.684814453125,314.47833251953125,-0.28631591796875,333.7734375,-1.119171142578125,336.571533203125,0.43255615234375,406.5527038574219,0.528045654296875,411.3088684082031,2.6904296875,465.3319091796875,0.8238525390625,490.7144775390625,0.0419921875
87,198.25863647460938,0.0,197.92233276367188,0.0,225.2775421142578,0.0,229.94752502441406,0.0,274.42022705078125,0.0,271.6253967285156,0.0,227.40660095214844,0.0,314.47833251953125,0.0,333.7734375,0.0,336.571533203125,0.0,406.5527038574219,0.0,411.3088684082031,0.0,465.3319091796875,0.0,490.7144775390625,0.0
88,203.04322814941406,4.7845916748046875,201.58799743652344,3.6656646728515625,225.87078857421875,0.5932464599609375,228.9351043701172,-1.012420654296875,274.22882080078125,-0.19140625,270.9097595214844,-0.71563720703125,222.93084716796875,-4.4757537841796875,314.3924255371094,-0.085906982421875,333.0758972167969,-0.697540283203125,336.20062255859375,-0.37091064453125,407.6098327636719,1.05712890625,411.29766845703125,-0.011199951171875,465.2829284667969,-0.048980712890625,488.37176513671875,-2.34271240234375
89,203.04322814941406,0.0,201.58799743652344,0.0,225.87078857421875,0.0,228.9351043701172,0.0,274.22882080078125,0.0,270.9097595214844,0.0,222.93084716796875,0.0,314.3924255371094,0.0,333.0758972167969,0.0,336.20062255859375,0.0,407.6098327636719,0.0,411.29766845703125,0.0,465.2829284667969,0.0,488.37176513671875,0.0
90,203.04322814941406,0.0,201.58799743652344,0.0,225.87078857421875,0.0,228.9351043701172,0.0,274.22882080078125,0.0,270.9097595214844,0.0,222.93084716796875,0.0,314.3924255371094,0.0,333.0758972167969,0.0,336.20062255859375,0.0,407.6098327636719,0.0,411.29766845703125,0.0,465.2829284667969,0.0,488.37176513671875,0.0
91,205.3101348876953,2.26690673828125,205.64242553710938,4.0544281005859375,224.23448181152344,-1.6363067626953125,228.11285400390625,-0.8222503662109375,268.77008056640625,-5.458740234375,269.8706359863281,-1.03912353515625,218.54132080078125,-4.3895263671875,314.487060546875,0.094635009765625,332.5721740722656,-0.50372314453125,334.5235900878906,-1.677032470703125,407.3812255859375,-0.228607177734375,409.34515380859375,-1.9525146484375,463.2860107421875,-1.996917724609375,486.46588134765625,-1.9058837890625
92,205.3101348876953,0.0,205.64242553710938,0.0,224.23448181152344,0.0,228.11285400390625,0.0,268.77008056640625,0.0,269.8706359863281,0.0,218.54132080078125,0.0,314.487060546875,0.0,332.5721740722656,0.0,334.5235900878906,0.0,407.3812255859375,0.0,409.34515380859375,0.0,463.2860107421875,0.0,486.46588134765625,0.0
93,201.7538299560547,-3.556304931640625,204.87672424316406,-0.7657012939453125,224.3986358642578,0.164154052734375,232.75390625,4.64105224609375,247.4550018310547,-21.315078735351562,278.934814453125,9.064178466796875,209.98333740234375,-8.5579833984375,322.9131774902344,8.426116943359375,339.9244384765625,7.352264404296875,338.2327880859375,3.709197998046875,416.1019592285156,8.720733642578125,412.0087890625,2.66363525390625,464.7622375488281,1.476226806640625,487.458740234375,0.99285888671875
94,202.7796173095703,1.025787353515625,208.53041076660156,3.6536865234375,223.43893432617188,-0.9597015380859375,241.4250946044922,8.671188354492188,247.41119384765625,-0.0438079833984375,298.5894775390625,19.6546630859375,285.9293212890625,75.94598388671875,355.1623840332031,32.24920654296875,337.93072509765625,-1.99371337890625,336.15887451171875,-2.07391357421875,414.02203369140625,-2.079925537109375,411.9598693847656,-0.048919677734375,431.88482666015625,-32.877410888671875,487.70849609375,0.249755859375
95,201.32363891601562,-1.4559783935546875,207.23875427246094,-1.291656494140625,223.98916625976562,0.55023193359375,251.64645385742188,10.221359252929688,280.7559509277344,33.344757080078125,308.46246337890625,9.87298583984375,345.0403137207031,59.110992431640625,361.92181396484375,6.759429931640625,336.9630126953125,-0.96771240234375,338.3871154785156,2.228240966796875,403.5011291503906,-10.520904541015625,412.34442138671875,0.384552001953125,422.781982421875,-9.10284423828125,489.4508361816406,1.742340087890625
96,186.2228240966797,-15.100814819335938,196.9766845703125,-10.262069702148438,216.89321899414062,-7.095947265625,246.8081512451172,-4.8383026123046875,281.9345703125,1.178619384765625,295.68280029296875,-12.7796630859375,335.25909423828125,-9.781219482421875,345.173095703125,-16.74871826171875,330.6651611328125,-6.2978515625,334.4068908691406,-3.980224609375,403.9544982910156,0.453369140625,409.692626953125,-2.65179443359375,449.63128662109375,26.84930419921875,491.301513671875,1.850677490234375
97,181.5469512939453,-4.675872802734375,191.06729125976562,-5.909393310546875,217.07192993164062,0.1787109375,242.52052307128906,-4.287628173828125,284.94525146484375,3.01068115234375,293.33056640625,-2.35223388671875,339.91387939453125,4.65478515625,341.8252258300781,-3.347869873046875,333.1612854003906,2.496124267578125,336.858154296875,2.451263427734375,422.9885559082031,19.0340576171875,407.9468078613281,-1.745819091796875,489.583251953125,39.95196533203125,491.8756408691406,0.574127197265625
98,174.08265686035156,-7.46429443359375,179.50340270996094,-11.563888549804688,212.55694580078125,-4.514984130859375,234.31341552734375,-8.207107543945312,277.7510986328125,-7.19415283203125,285.53106689453125,-7.79949951171875,310.80224609375,-29.11163330078125,314.84332275390625,-26.981903076171875,333.158935546875,-0.002349853515625,335.7629089355469,-1.095245361328125,421.4217834472656,-1.5667724609375,408.13116455078125,0.184356689453125,501.17059326171875,11.58734130859375,487.419189453125,-4.456451416015625
99,154.2918243408203,-19.79083251953125,160.14276123046875,-19.360641479492188,202.51905822753906,-10.037887573242188,218.28466796875,-16.02874755859375,269.32611083984375,-8.42498779296875,275.82806396484375,-9.7030029296875,244.84312438964844,-65.95912170410156,250.438720703125,-64.40460205078125,328.06805419921875,-5.09088134765625,332.0828857421875,-3.680023193359375,418.6636657714844,-2.75811767578125,414.838134765625,6.70697021484375,498.4136657714844,-2.756927490234375,469.2142028808594,-18.204986572265625
100,166.85134887695312,12.559524536132812,170.69796752929688,10.555206298828125,206.11985778808594,3.600799560546875,221.17291259765625,2.88824462890625,255.13455200195312,-14.191558837890625,270.05865478515625,-5.7694091796875,244.06256103515625,-0.7805633544921875,275.94439697265625,25.50567626953125,334.4767761230469,6.408721923828125,341.20977783203125,9.12689208984375,427.5186462402344,8.85498046875,428.9604187011719,14.122283935546875,513.8086547851562,15.394989013671875,474.19366455078125,4.979461669921875
101,168.0957794189453,1.2444305419921875,169.64097595214844,-1.0569915771484375,207.66578674316406,1.545928955078125,218.96971130371094,-2.2032012939453125,262.55230712890625,7.417755126953125,271.23968505859375,1.1810302734375,294.5953674316406,50.532806396484375,293.4947509765625,17.55035400390625,334.63201904296875,0.155242919921875,341.4826965332031,0.272918701171875,423.65887451171875,-3.859771728515625,438.5429382324219,9.58251953125,506.8624267578125,-6.94622802734375,459.0615234375,-15.13214111328125
102,163.8548126220703,-4.240966796875,165.9837646484375,-3.6572113037109375,209.23870849609375,1.5729217529296875,220.12478637695312,1.1550750732421875,259.3405456542969,-3.211761474609375,268.5918884277344,-2.647796630859375,235.49276733398438,-59.10260009765625,239.36383056640625,-54.13092041015625,337.1240234375,2.49200439453125,342.3455505371094,0.86285400390625,423.3007507324219,-0.358123779296875,432.77520751953125,-5.767730712890625,503.8810729980469,-2.981353759765625,464.0667724609375,5.0052490234375
103,167.03421020507812,3.1793975830078125,169.517822265625,3.5340576171875,215.1632080078125,5.92449951171875,224.26873779296875,4.143951416015625,271.9107360839844,12.5701904296875,268.7762451171875,0.184356689453125,231.0328369140625,-4.459930419921875,226.8087158203125,-12.55511474609375,348.5124206542969,11.388397216796875,350.75384521484375,8.408294677734375,421.91748046875,-1.383270263671875,433.6597900390625,0.88458251953125,502.8671875,-1.013885498046875,479.36639404296875,15.29962158203125
104,167.03421020507812,0.0,169.517822265625,0.0,215.1632080078125,0.0,224.26873779296875,0.0,271.9107360839844,0.0,268.7762451171875,0.0,231.0328369140625,0.0,226.8087158203125,0.0,348.5124206542969,0.0,350.75384521484375,0.0,421.91748046875,0.0,433.6597900390625,0.0,502.8671875,0.0,479.36639404296875,0.0
105,167.03421020507812,0.0,169.517822265625,0.0,215.1632080078125,0.0,224.26873779296875,0.0,271.9107360839844,0.0,268.7762451171875,0.0,231.0328369140625,0.0,226.8087158203125,0.0,348.5124206542969,0.0,350.75384521484375,0.0,421.91748046875,0.0,433.6597900390625,0.0,502.8671875,0.0,479.36639404296875,0.0
106,161.06707763671875,-5.967132568359375,162.11734008789062,-7.400482177734375,212.70875549316406,-2.4544525146484375,217.3231658935547,-6.9455718994140625,268.3348693847656,-3.57586669921875,269.8110656738281,1.034820556640625,241.34735107421875,10.31451416015625,238.57933044433594,11.770614624023438,338.506591796875,-10.005828857421875,333.215576171875,-17.53826904296875,421.6429138183594,-0.274566650390625,410.4814453125,-23.1783447265625,507.27667236328125,4.40948486328125,444.1745300292969,-35.191864013671875
107,148.66708374023438,-12.399993896484375,150.94541931152344,-11.171920776367188,210.77516174316406,-1.93359375,214.0965576171875,-3.2266082763671875,269.7540588378906,1.419189453125,270.6067810058594,0.79571533203125,245.39903259277344,4.0516815185546875,313.8523254394531,75.27299499511719,326.8560485839844,-11.650543212890625,322.992919921875,-10.22265625,411.1286926269531,-10.51422119140625,394.2497253417969,-16.231719970703125,500.40667724609375,-6.8699951171875,475.5106201171875,31.336090087890625
108,153.33494567871094,4.6678619384765625,154.81796264648438,3.8725433349609375,209.72506713867188,-1.0500946044921875,210.98501586914062,-3.111541748046875,251.3295135498047,-18.424545288085938,267.5872497558594,-3.01953125,222.65245056152344,-22.74658203125,311.0780029296875,-2.774322509765625,325.9617919921875,-0.894256591796875,324.12530517578125,1.13238525390625,411.21087646484375,0.082183837890625,402.23333740234375,7.983612060546875,491.0839538574219,-9.322723388671875,479.44622802734375,3.93560791015625
109,156.31182861328125,2.9768829345703125,157.18304443359375,2.365081787109375,203.57342529296875,-6.151641845703125,212.7828826904297,1.7978668212890625,244.16165161132812,-7.1678619384765625,260.6357727050781,-6.95147705078125,261.72686767578125,39.07441711425781,285.24847412109375,-25.82952880859375,324.7856140136719,-1.176177978515625,324.9852294921875,0.85992431640625,409.20330810546875,-2.007568359375,405.72076416015625,3.4874267578125,476.5212707519531,-14.56268310546875,479.55279541015625,0.1065673828125
110,168.5165252685547,12.204696655273438,173.349853515625,16.16680908203125,204.23439025878906,0.6609649658203125,217.33534240722656,4.552459716796875,237.8265380859375,-6.335113525390625,249.9615478515625,-10.674224853515625,266.7137756347656,4.986907958984375,232.5523681640625,-52.69610595703125,325.89013671875,1.104522705078125,326.74932861328125,1.76409912109375,409.6008605957031,0.397552490234375,407.0042724609375,1.28350830078125,473.2989807128906,-3.2222900390625,480.937255859375,1.38446044921875
111,189.87484741210938,21.358322143554688,199.58770751953125,26.23785400390625,218.14218139648438,13.907791137695312,231.1055908203125,13.770248413085938,241.09518432617188,3.268646240234375,243.5185546875,-6.4429931640625,270.0690612792969,3.35528564453125,212.4872589111328,-20.065109252929688,339.8631591796875,13.9730224609375,341.38665771484375,14.6373291015625,420.8674621582031,11.2666015625,410.3221435546875,3.31787109375,496.35211181640625,23.053131103515625,485.5581359863281,4.620880126953125
112,182.79513549804688,-7.0797119140625,189.4676513671875,-10.12005615234375,203.88450622558594,-14.257675170898438,229.15841674804688,-1.947174072265625,230.48475646972656,-10.610427856445312,249.96185302734375,6.44329833984375,276.921875,6.852813720703125,239.5573272705078,27.070068359375,324.5150451660156,-15.348114013671875,335.4188537597656,-5.967803955078125,375.0914001464844,-45.77606201171875,408.269287109375,-2.0528564453125,439.90338134765625,-56.44873046875,484.53607177734375,-1.022064208984375
113,172.3112335205078,-10.483901977539062,184.41078186035156,-5.0568695068359375,189.99681091308594,-13.8876953125,228.12542724609375,-1.032989501953125,217.9632568359375,-12.521499633789062,266.6329345703125,16.67108154296875,271.7272644042969,-5.194610595703125,301.11285400390625,61.55552673339844,312.97125244140625,-11.543792724609375,325.2870178222656,-10.1318359375,347.8729248046875,-27.218475341796875,407.778076171875,-0.4912109375,413.4141540527344,-26.489227294921875,488.0963439941406,3.560272216796875
114,172.3112335205078,0.0,184.41078186035156,0.0,189.99681091308594,0.0,228.12542724609375,0.0,217.9632568359375,0.0,266.6329345703125,0.0,271.7272644042969,0.0,301.11285400390625,0.0,312.97125244140625,0.0,325.2870178222656,0.0,347.8729248046875,0.0,407.778076171875,0.0,413.4141540527344,0.0,488.0963439941406,0.0
115,166.90328979492188,-5.4079437255859375,179.32237243652344,-5.088409423828125,189.6300506591797,-0.36676025390625,227.3916778564453,-0.7337493896484375,218.51815795898438,0.554901123046875,278.4100646972656,11.777130126953125,269.66851806640625,-2.058746337890625,328.8856506347656,27.772796630859375,316.7557373046875,3.78448486328125,326.4359130859375,1.148895263671875,387.839599609375,39.9666748046875,411.3089294433594,3.530853271484375,485.50958251953125,72.09542846679688,493.3848876953125,5.288543701171875
116,166.90328979492188,0.0,179.32237243652344,0.0,189.6300506591797,0.0,227.3916778564453,0.0,218.51815795898438,0.0,278.4100646972656,0.0,269.66851806640625,0.0,328.8856506347656,0.0,316.7557373046875,0.0,326.4359130859375,0.0,387.839599609375,0.0,411.3089294433594,0.0,485.50958251953125,0.0,493.3848876953125,0.0
117,179.73788452148438,12.8345947265625,188.43756103515625,9.115188598632812,189.9205780029297,0.29052734375,233.65380859375,6.2621307373046875,227.3619384765625,8.843780517578125,291.1247863769531,12.7147216796875,289.5248107910156,19.856292724609375,343.324951171875,14.439300537109375,317.0636901855469,0.307952880859375,332.6130676269531,6.177154541015625,406.22015380859375,18.38055419921875,415.9707946777344,4.661865234375,452.3561096191406,-33.153472900390625,497.78997802734375,4.40509033203125
118,179.73788452148438,0.0,188.43756103515625,0.0,189.9205780029297,0.0,233.65380859375,0.0,227.3619384765625,0.0,291.1247863769531,0.0,289.5248107910156,0.0,343.324951171875,0.0,317.0636901855469,0.0,332.6130676269531,0.0,406.22015380859375,0.0,415.9707946777344,0.0,452.3561096191406,0.0,497.78997802734375,0.0
119,191.27549743652344,11.537612915039062,200.8885955810547,12.451034545898438,193.95362854003906,4.033050537109375,242.0376434326172,8.383834838867188,228.7779083251953,1.4159698486328125,296.0439758300781,4.919189453125,288.17095947265625,-1.353851318359375,343.5538024902344,0.228851318359375,319.74786376953125,2.684173583984375,333.5316467285156,0.9185791015625,409.8623046875,3.64215087890625,417.578857421875,1.608062744140625,397.36163330078125,-54.994476318359375,497.2333984375,-0.55657958984375
120,176.5534210205078,-14.722076416015625,187.779541015625,-13.109054565429688,186.0291290283203,-7.92449951171875,233.34059143066406,-8.697052001953125,229.58078002929688,0.8028717041015625,281.2138671875,-14.830108642578125,274.3680725097656,-13.802886962890625,299.72222900390625,-43.831573486328125,314.683349609375,-5.06451416015625,325.559814453125,-7.971832275390625,385.38885498046875,-24.47344970703125,411.5419006347656,-6.036956787109375,388.8055419921875,-8.55609130859375,495.1429748535156,-2.090423583984375
121,154.6018829345703,-21.9515380859375,163.0616912841797,-24.717849731445312,174.52227783203125,-11.506851196289062,218.5067901611328,-14.83380126953125,217.2559356689453,-12.324844360351562,256.0321960449219,-25.181671142578125,260.6127624511719,-13.75531005859375,298.0757751464844,-1.646453857421875,311.5677490234375,-3.1156005859375,319.1159973144531,-6.443817138671875,373.9259338378906,-11.462921142578125,406.4799499511719,-5.06195068359375,378.0990905761719,-10.706451416015625,493.26971435546875,-1.873260498046875
122,143.29710388183594,-11.304779052734375,146.86097717285156,-16.200714111328125,179.6903839111328,5.1681060791015625,210.6587371826172,-7.848052978515625,192.1017608642578,-25.1541748046875,267.8902587890625,11.858062744140625,191.94993591308594,-68.66282653808594,329.9902648925781,31.91448974609375,314.0535888671875,2.48583984375,321.380126953125,2.264129638671875,380.2586669921875,6.332733154296875,407.358154296875,0.878204345703125,397.240234375,19.141143798828125,492.41204833984375,-0.857666015625
123,175.1474609375,31.850357055664062,172.07411193847656,25.213134765625,214.85891723632812,35.16853332519531,225.50889587402344,14.85015869140625,207.20147705078125,15.099716186523438,294.22955322265625,26.33929443359375,184.9842071533203,-6.965728759765625,352.9757995605469,22.98553466796875,344.798095703125,30.7445068359375,350.5921936035156,29.212066650390625,410.3560791015625,30.097412109375,428.1943359375,20.836181640625,459.5701904296875,62.3299560546875,492.6119689941406,0.199920654296875
124,272.0163879394531,96.86892700195312,267.24298095703125,95.16886901855469,305.76458740234375,90.90567016601562,297.7529296875,72.24403381347656,331.9348449707031,124.73336791992188,320.77777099609375,26.5482177734375,269.9141540527344,84.92994689941406,336.6402587890625,-16.335540771484375,413.4457092285156,68.64761352539062,416.68572998046875,66.09353637695312,453.14837646484375,42.79229736328125,436.0789794921875,7.8846435546875,481.1410217285156,21.570831298828125,484.1397705078125,-8.472198486328125
125,344.7195129394531,72.703125,343.6239318847656,76.38095092773438,350.501953125,44.73736572265625,347.116455078125,49.363525390625,382.11834716796875,50.183502197265625,328.77130126953125,7.9935302734375,409.8895263671875,139.97537231445312,295.24224853515625,-41.39801025390625,432.4180908203125,18.972381591796875,441.9443359375,25.25860595703125,449.0975341796875,-4.05084228515625,450.79534912109375,14.71636962890625,489.3983459472656,8.25732421875,485.20794677734375,1.06817626953125
126,350.27398681640625,5.554473876953125,353.14935302734375,9.525421142578125,333.1338195800781,-17.368133544921875,352.0034484863281,4.886993408203125,376.6092224121094,-5.509124755859375,386.1929626464844,57.421661376953125,431.8560791015625,21.966552734375,369.3182678222656,74.07601928710938,423.57733154296875,-8.84075927734375,431.51873779296875,-10.42559814453125,440.98187255859375,-8.11566162109375,446.8253173828125,-3.97003173828125,486.14361572265625,-3.254730224609375,485.09954833984375,-0.1083984375
127,319.33624267578125,-30.937744140625,317.0837707519531,-36.065582275390625,312.34088134765625,-20.792938232421875,330.0846862792969,-21.91876220703125,358.45849609375,-18.150726318359375,392.758544921875,6.565582275390625,399.15020751953125,-32.70587158203125,434.3251953125,65.00692749023438,412.0812683105469,-11.496063232421875,423.219970703125,-8.29876708984375,439.6617431640625,-1.32012939453125,445.8514099121094,-0.973907470703125,485.7558898925781,-0.387725830078125,496.2332763671875,11.13372802734375
128,289.95758056640625,-29.378662109375,289.50640869140625,-27.577362060546875,301.3886413574219,-10.952239990234375,310.06732177734375,-20.017364501953125,292.2333068847656,-66.22518920898438,360.15032958984375,-32.60821533203125,301.850341796875,-97.29986572265625,410.037841796875,-24.287353515625,379.84521484375,-32.236053466796875,389.1468811035156,-34.073089599609375,396.9159240722656,-42.745819091796875,429.9560241699219,-15.8953857421875,428.38983154296875,-57.366058349609375,494.9833679199219,-1.249908447265625
129,253.27581787109375,-36.6817626953125,257.423095703125,-32.08331298828125,239.44480895996094,-61.94383239746094,288.36651611328125,-21.7008056640625,211.70599365234375,-80.52731323242188,353.5660400390625,-6.58428955078125,201.47836303710938,-100.37197875976562,307.7862854003906,-102.25155639648438,358.00274658203125,-21.84246826171875,365.2003173828125,-23.946563720703125,402.3097229003906,5.393798828125,445.3335266113281,15.37750244140625,502.658935546875,74.26910400390625,505.42584228515625,10.442474365234375
130,238.92015075683594,-14.355667114257812,242.72869873046875,-14.69439697265625,232.65496826171875,-6.7898406982421875,276.7171325683594,-11.649383544921875,219.21034240722656,7.5043487548828125,347.7734375,-5.7926025390625,223.85009765625,22.371734619140625,304.2696838378906,-3.5166015625,350.9571838378906,-7.045562744140625,359.753662109375,-5.4466552734375,417.1696472167969,14.85992431640625,451.3548583984375,6.021331787109375,521.0140380859375,18.3551025390625,508.1758117675781,2.749969482421875
131,224.2821044921875,-14.638046264648438,226.469970703125,-16.25872802734375,239.76922607421875,7.1142578125,257.006103515625,-19.711029052734375,224.23468017578125,5.0243377685546875,333.9510498046875,-13.8223876953125,316.1340637207031,92.28396606445312,383.7745666503906,79.5048828125,337.9651184082031,-12.9920654296875,349.80889892578125,-9.94476318359375,420.7306213378906,3.56097412109375,453.2583312988281,1.903472900390625,523.172119140625,2.1580810546875,512.0093994140625,3.833587646484375
132,224.2821044921875,0.0,226.469970703125,0.0,239.76922607421875,0.0,257.006103515625,0.0,224.23468017578125,0.0,333.9510498046875,0.0,316.1340637207031,0.0,383.7745666503906,0.0,337.9651184082031,0.0,349.80889892578125,0.0,420.7306213378906,0.0,453.2583312988281,0.0,523.172119140625,0.0,512.0093994140625,0.0
133,210.16966247558594,-14.112442016601562,209.70306396484375,-16.76690673828125,234.17115783691406,-5.5980682373046875,220.6332550048828,-36.37284851074219,247.75201416015625,23.517333984375,259.5601806640625,-74.390869140625,308.61187744140625,-7.522186279296875,291.732666015625,-92.04190063476562,330.6031494140625,-7.361968994140625,328.204833984375,-21.60406494140625,424.31036376953125,3.579742431640625,452.9934387207031,-0.264892578125,527.1008911132812,3.92877197265625,513.5376586914062,1.52825927734375
134,187.219482421875,-22.950180053710938,180.62579345703125,-29.0772705078125,240.35824584960938,6.1870880126953125,185.3360595703125,-35.29719543457031,290.1788024902344,42.426788330078125,193.74755859375,-65.8126220703125,352.79052734375,44.17864990234375,252.1755828857422,-39.55708312988281,331.172607421875,0.5694580078125,322.9656982421875,-5.2391357421875,432.524169921875,8.21380615234375,430.7031555175781,-22.290283203125,531.97216796875,4.87127685546875,513.4168090820312,-0.120849609375
135,155.05764770507812,-32.161834716796875,146.62319946289062,-34.002593994140625,223.52919006347656,-16.829055786132812,184.82452392578125,-0.51153564453125,285.9221496582031,-4.25665283203125,217.605224609375,23.857666015625,333.5666198730469,-19.223907470703125,274.9833984375,22.807815551757812,331.7015380859375,0.5289306640625,327.1020812988281,4.136383056640625,434.3902282714844,1.866058349609375,432.2642822265625,1.561126708984375,534.7197265625,2.74755859375,526.081298828125,12.66448974609375
136,155.05764770507812,0.0,146.62319946289062,0.0,223.52919006347656,0.0,184.82452392578125,0.0,285.9221496582031,0.0,217.605224609375,0.0,333.5666198730469,0.0,274.9833984375,0.0,331.7015380859375,0.0,327.1020812988281,0.0,434.3902282714844,0.0,432.2642822265625,0.0,534.7197265625,0.0,526.081298828125,0.0
137,146.35256958007812,-8.705078125,147.12904357910156,0.5058441162109375,208.98333740234375,-14.545852661132812,188.5308074951172,3.7062835693359375,272.74041748046875,-13.181732177734375,241.34906005859375,23.74383544921875,306.4727478027344,-27.0938720703125,284.09271240234375,9.10931396484375,334.944091796875,3.2425537109375,331.3244323730469,4.22235107421875,436.8530578613281,2.46282958984375,432.5425720214844,0.278289794921875,534.539306640625,-0.180419921875,527.9521484375,1.870849609375
138,136.65846252441406,-9.694107055664062,143.74795532226562,-3.3810882568359375,196.2232208251953,-12.760116577148438,193.15884399414062,4.6280364990234375,241.7497100830078,-30.990707397460938,228.4478759765625,-12.90118408203125,167.79287719726562,-138.67987060546875,181.10903930664062,-102.98367309570312,333.953857421875,-0.990234375,332.14031982421875,0.815887451171875,436.6571350097656,-0.1959228515625,433.2666320800781,0.72406005859375,532.8114624023438,-1.72784423828125,529.4843139648438,1.53216552734375
139,135.00350952148438,-1.6549530029296875,139.6321563720703,-4.1157989501953125,186.51043701171875,-9.712783813476562,191.1758270263672,-1.9830169677734375,181.56033325195312,-60.18937683105469,192.7247772216797,-35.72309875488281,122.53143310546875,-45.261444091796875,137.89956665039062,-43.20947265625,328.9845275878906,-4.969329833984375,329.5953063964844,-2.545013427734375,435.3861083984375,-1.271026611328125,432.04290771484375,-1.223724365234375,533.1593017578125,0.34783935546875,528.509033203125,-0.97528076171875
140,137.87945556640625,2.875946044921875,144.22715759277344,4.595001220703125,188.4091796875,1.89874267578125,197.7081298828125,6.5323028564453125,199.323486328125,17.763153076171875,207.5675811767578,14.842803955078125,132.3558349609375,9.82440185546875,149.58328247070312,11.6837158203125,334.0491027832031,5.0645751953125,335.0816345214844,5.486328125,437.1910095214844,1.804901123046875,433.20947265625,1.16656494140625,533.2506103515625,0.09130859375,529.209228515625,0.7001953125
141,142.85284423828125,4.973388671875,150.617431640625,6.3902740478515625,189.86602783203125,1.45684814453125,201.56735229492188,3.859222412109375,220.90882873535156,21.585342407226562,227.53286743164062,19.965286254882812,189.92149353027344,57.56565856933594,206.14984130859375,56.566558837890625,336.5174560546875,2.468353271484375,337.6947326660156,2.61309814453125,439.041015625,1.850006103515625,434.8089904785156,1.599517822265625,533.4911499023438,0.24053955078125,528.4564819335938,-0.75274658203125
142,150.05734252929688,7.204498291015625,158.9652099609375,8.3477783203125,192.9944610595703,3.1284332275390625,206.15838623046875,4.591033935546875,227.74444580078125,6.8356170654296875,246.7615966796875,19.228729248046875,262.4582824707031,72.53678894042969,275.4349670410156,69.28512573242188,337.0850830078125,0.567626953125,337.8100891113281,0.1153564453125,438.983642578125,-0.057373046875,435.7373046875,0.928314208984375,534.8973999023438,1.40625,529.3475952148438,0.89111328125
143,155.2186279296875,5.161285400390625,163.2248077392578,4.2595977783203125,194.46902465820312,1.4745635986328125,204.98944091796875,-1.1689453125,226.88584899902344,-0.8585968017578125,247.45867919921875,0.69708251953125,271.7422180175781,9.283935546875,282.7004699707031,7.2655029296875,338.02215576171875,0.93707275390625,338.81951904296875,1.009429931640625,440.84954833984375,1.86590576171875,439.4588928222656,3.721588134765625,534.7612915039062,-0.1361083984375,529.966552734375,0.61895751953125
144,158.76235961914062,3.543731689453125,165.33692932128906,2.11212158203125,193.41876220703125,-1.050262451171875,207.1292266845703,2.1397857666015625,217.0498504638672,-9.83599853515625,247.51675415039062,0.058074951171875,272.44256591796875,0.700347900390625,286.9456787109375,4.245208740234375,338.4203796386719,0.398223876953125,339.1954345703125,0.37591552734375,439.965576171875,-0.88397216796875,431.7318115234375,-7.727081298828125,533.3685913085938,-1.3927001953125,529.37548828125,-0.591064453125
145,160.05731201171875,1.294952392578125,175.19329833984375,9.856369018554688,193.79576110839844,0.3769989013671875,212.1643829345703,5.03515625,208.50778198242188,-8.542068481445312,257.0434875488281,9.5267333984375,263.1219787597656,-9.320587158203125,297.32904052734375,10.38336181640625,338.4867858886719,0.06640625,339.54345703125,0.3480224609375,439.8692626953125,-0.0963134765625,426.324462890625,-5.4073486328125,531.9561157226562,-1.4124755859375,516.2090454101562,-13.16644287109375
146,171.5082550048828,11.450942993164062,185.5917205810547,10.398422241210938,195.91864013671875,2.1228790283203125,225.69297790527344,13.528594970703125,201.4977264404297,-7.0100555419921875,266.99090576171875,9.947418212890625,244.03375244140625,-19.088226318359375,291.445068359375,-5.88397216796875,343.4842529296875,4.997467041015625,344.52923583984375,4.98577880859375,443.98187255859375,4.11260986328125,435.71392822265625,9.38946533203125,531.2061767578125,-0.74993896484375,516.8082275390625,0.59918212890625
147,183.9125213623047,12.404266357421875,196.38665771484375,10.794937133789062,197.60743713378906,1.6887969970703125,239.6765899658203,13.983612060546875,197.34930419921875,-4.1484222412109375,279.43408203125,12.44317626953125,229.53433227539062,-14.499420166015625,290.2968444824219,-1.148223876953125,351.5840148925781,8.099761962890625,352.7006530761719,8.171417236328125,449.7137451171875,5.73187255859375,445.30938720703125,9.595458984375,530.83154296875,-0.3746337890625,517.002197265625,0.1939697265625
148,183.9125213623047,0.0,196.38665771484375,0.0,197.60743713378906,0.0,239.6765899658203,0.0,197.34930419921875,0.0,279.43408203125,0.0,229.53433227539062,0.0,290.2968444824219,0.0,351.5840148925781,0.0,352.7006530761719,0.0,449.7137451171875,0.0,445.30938720703125,0.0,530.83154296875,0.0,517.002197265625,0.0
149,183.9125213623047,0.0,196.38665771484375,0.0,197.60743713378906,0.0,239.6765899658203,0.0,197.34930419921875,0.0,279.43408203125,0.0,229.53433227539062,0.0,290.2968444824219,0.0,351.5840148925781,0.0,352.7006530761719,0.0,449.7137451171875,0.0,445.30938720703125,0.0,530.83154296875,0.0,517.002197265625,0.0
150,190.1951904296875,6.2826690673828125,201.04379272460938,4.657135009765625,205.1768341064453,7.56939697265625,242.88087463378906,3.20428466796875,204.13095092773438,6.781646728515625,283.4286804199219,3.994598388671875,231.71133422851562,2.177001953125,292.490478515625,2.193634033203125,354.95782470703125,3.373809814453125,357.1754455566406,4.47479248046875,452.1870422363281,2.473297119140625,448.4154052734375,3.10601806640625,531.857666015625,1.026123046875,516.64990234375,-0.352294921875
151,190.1951904296875,0.0,201.04379272460938,0.0,205.1768341064453,0.0,242.88087463378906,0.0,204.13095092773438,0.0,283.4286804199219,0.0,231.71133422851562,0.0,292.490478515625,0.0,354.95782470703125,0.0,357.1754455566406,0.0,452.1870422363281,0.0,448.4154052734375,0.0,531.857666015625,0.0,516.64990234375,0.0
152,195.9844970703125,5.789306640625,206.36167907714844,5.3178863525390625,214.99127197265625,9.814437866210938,243.2945098876953,0.41363525390625,220.72528076171875,16.594329833984375,282.0638427734375,-1.364837646484375,246.42886352539062,14.717529296875,295.5446472167969,3.054168701171875,357.81597900390625,2.858154296875,360.4864501953125,3.311004638671875,454.28857421875,2.101531982421875,452.3839111328125,3.968505859375,533.4746704101562,1.61700439453125,516.840576171875,0.190673828125
153,199.64764404296875,3.66314697265625,209.91644287109375,3.5547637939453125,221.64796447753906,6.6566925048828125,243.474365234375,0.1798553466796875,245.73565673828125,25.0103759765625,279.87628173828125,-2.18756103515625,258.95440673828125,12.525543212890625,297.8017883300781,2.25714111328125,359.5219421386719,1.705963134765625,362.3802185058594,1.893768310546875,455.1395263671875,0.8509521484375,454.4896240234375,2.105712890625,534.641357421875,1.16668701171875,516.9801025390625,0.1395263671875
154,199.64764404296875,0.0,209.91644287109375,0.0,221.64796447753906,0.0,243.474365234375,0.0,245.73565673828125,0.0,279.87628173828125,0.0,258.95440673828125,0.0,297.8017883300781,0.0,359.5219421386719,0.0,362.3802185058594,0.0,455.1395263671875,0.0,454.4896240234375,0.0,534.641357421875,0.0,516.9801025390625,0.0
155,206.035888671875,6.38824462890625,212.88299560546875,2.966552734375,229.06846618652344,7.420501708984375,241.29177856445312,-2.182586669921875,270.5438537597656,24.808197021484375,278.00238037109375,-1.8739013671875,279.4896240234375,20.53521728515625,300.87908935546875,3.077301025390625,359.6226806640625,0.100738525390625,362.8495788574219,0.4693603515625,454.7767639160156,-0.362762451171875,456.08990478515625,1.60028076171875,535.9692993164062,1.32794189453125,516.4981689453125,-0.48193359375
156,207.91629028320312,1.880401611328125,212.17604064941406,-0.7069549560546875,238.97055053710938,9.902084350585938,239.44244384765625,-1.849334716796875,308.10943603515625,37.565582275390625,267.84765625,-10.15472412109375,289.2724914550781,9.782867431640625,301.7560119628906,0.876922607421875,361.53936767578125,1.91668701171875,363.6075134277344,0.7579345703125,456.2501220703125,1.473358154296875,459.236572265625,3.14666748046875,536.4194946289062,0.4501953125,516.0623779296875,-0.435791015625
157,207.91629028320312,0.0,212.17604064941406,0.0,238.97055053710938,0.0,239.44244384765625,0.0,308.10943603515625,0.0,267.84765625,0.0,289.2724914550781,0.0,301.7560119628906,0.0,361.53936767578125,0.0,363.6075134277344,0.0,456.2501220703125,0.0,459.236572265625,0.0,536.4194946289062,0.0,516.0623779296875,0.0
158,206.87139892578125,-1.044891357421875,210.8214569091797,-1.354583740234375,242.3637237548828,3.3931732177734375,243.48635864257812,4.043914794921875,303.1527404785156,-4.956695556640625,278.58984375,10.7421875,298.9638977050781,9.69140625,313.61199951171875,11.855987548828125,366.7918701171875,5.25250244140625,368.80389404296875,5.196380615234375,458.5133056640625,2.26318359375,458.2520751953125,-0.9844970703125,537.9437255859375,1.52423095703125,518.8814697265625,2.819091796875
159,210.9835968017578,4.1121978759765625,218.97015380859375,8.148696899414062,238.02984619140625,-4.3338775634765625,247.930419921875,4.444061279296875,283.7528076171875,-19.399932861328125,293.143798828125,14.553955078125,284.32061767578125,-14.643280029296875,310.403076171875,-3.20892333984375,368.6476135253906,1.855743408203125,366.5927429199219,-2.211151123046875,458.4513854980469,-0.061920166015625,455.5963134765625,-2.65576171875,537.43115234375,-0.5125732421875,520.4119262695312,1.53045654296875
160,210.9835968017578,0.0,218.97015380859375,0.0,238.02984619140625,0.0,247.930419921875,0.0,283.7528076171875,0.0,293.143798828125,0.0,284.32061767578125,0.0,310.403076171875,0.0,368.6476135253906,0.0,366.5927429199219,0.0,458.4513854980469,0.0,455.5963134765625,0.0,537.43115234375,0.0,520.4119262695312,0.0
161,218.76422119140625,7.7806243896484375,229.01609802246094,10.045944213867188,235.16824340820312,-2.861602783203125,255.27371215820312,7.343292236328125,247.5350799560547,-36.21772766113281,303.07098388671875,9.92718505859375,284.65478515625,0.33416748046875,314.0798645019531,3.676788330078125,369.308349609375,0.660736083984375,365.75555419921875,-0.837188720703125,459.6185302734375,1.167144775390625,454.79864501953125,-0.79766845703125,535.42626953125,-2.0048828125,520.594970703125,0.18304443359375
162,218.76422119140625,0.0,229.01609802246094,0.0,235.16824340820312,0.0,255.27371215820312,0.0,247.5350799560547,0.0,303.07098388671875,0.0,284.65478515625,0.0,314.0798645019531,0.0,369.308349609375,0.0,365.75555419921875,0.0,459.6185302734375,0.0,454.79864501953125,0.0,535.42626953125,0.0,520.594970703125,0.0
163,226.5512237548828,7.7870025634765625,234.4519805908203,5.435882568359375,236.8166961669922,1.6484527587890625,262.76239013671875,7.488677978515625,245.6364288330078,-1.898651123046875,306.3653259277344,3.294342041015625,298.0291442871094,13.374359130859375,321.464111328125,7.384246826171875,370.73681640625,1.428466796875,368.4303283691406,2.674774169921875,458.7142639160156,-0.904266357421875,453.5613708496094,-1.237274169921875,534.31201171875,-1.1142578125,520.5732421875,-0.021728515625
164,226.5512237548828,0.0,234.4519805908203,0.0,236.8166961669922,0.0,262.76239013671875,0.0,245.6364288330078,0.0,306.3653259277344,0.0,298.0291442871094,0.0,321.464111328125,0.0,370.73681640625,0.0,368.4303283691406,0.0,458.7142639160156,0.0,453.5613708496094,0.0,534.31201171875,0.0,520.5732421875,0.0
165,235.41151428222656,8.86029052734375,239.69097900390625,5.2389984130859375,236.1328887939453,-0.683807373046875,257.85760498046875,-4.90478515625,266.66302490234375,21.026596069335938,298.45892333984375,-7.906402587890625,317.5357360839844,19.506591796875,328.4117126464844,6.947601318359375,365.0373840332031,-5.699432373046875,368.1172180175781,-0.3131103515625,453.64605712890625,-5.068206787109375,454.9229431152344,1.361572265625,534.2717895507812,-0.04022216796875,520.5742797851562,0.00103759765625
166,236.75775146484375,1.3462371826171875,242.4403533935547,2.7493743896484375,243.24964904785156,7.11676025390625,261.2923583984375,3.43475341796875,294.99456787109375,28.33154296875,298.5954895019531,0.136566162109375,328.95306396484375,11.417327880859375,340.1825256347656,11.77081298828125,365.42193603515625,0.384552001953125,373.3164978027344,5.19927978515625,453.888916015625,0.24285888671875,462.975830078125,8.052886962890625,534.656494140625,0.38470458984375,517.8637084960938,-2.7105712890625
167,236.75775146484375,0.0,242.4403533935547,0.0,243.24964904785156,0.0,261.2923583984375,0.0,294.99456787109375,0.0,298.5954895019531,0.0,328.95306396484375,0.0,340.1825256347656,0.0,365.42193603515625,0.0,373.3164978027344,0.0,453.888916015625,0.0,462.975830078125,0.0,534.656494140625,0.0,517.8637084960938,0.0
168,229.49542236328125,-7.2623291015625,235.17913818359375,-7.2612152099609375,235.84420776367188,-7.4054412841796875,258.32232666015625,-2.97003173828125,286.8854064941406,-8.109161376953125,298.8018798828125,0.206390380859375,311.49542236328125,-17.4576416015625,357.0970458984375,16.914520263671875,357.33837890625,-8.08355712890625,367.35833740234375,-5.958160400390625,443.9485168457031,-9.940399169921875,448.4186096191406,-14.557220458984375,530.7305297851562,-3.92596435546875,521.3587646484375,3.49505615234375
169,226.1131134033203,-3.3823089599609375,232.51344299316406,-2.6656951904296875,231.72076416015625,-4.123443603515625,258.1771545410156,-0.145172119140625,264.40325927734375,-22.482147216796875,310.2962646484375,11.494384765625,308.2122497558594,-3.283172607421875,374.66046142578125,17.56341552734375,350.1129150390625,-7.2254638671875,358.7874755859375,-8.57086181640625,432.21563720703125,-11.732879638671875,443.8045654296875,-4.614044189453125,505.0595397949219,-25.670989990234375,521.4367065429688,0.07794189453125
170,225.086669921875,-1.0264434814453125,231.0985107421875,-1.4149322509765625,231.48004150390625,-0.24072265625,265.63311767578125,7.455963134765625,246.81338500976562,-17.589874267578125,333.5054016113281,23.209136962890625,307.1799621582031,-1.03228759765625,392.1022033691406,17.441741943359375,349.5889587402344,-0.523956298828125,356.1267395019531,-2.660736083984375,404.72650146484375,-27.4891357421875,433.5235290527344,-10.281036376953125,458.0526428222656,-47.00689697265625,521.021484375,-0.41522216796875
171,225.086669921875,0.0,231.0985107421875,0.0,231.48004150390625,0.0,265.63311767578125,0.0,246.81338500976562,0.0,333.5054016113281,0.0,307.1799621582031,0.0,392.1022033691406,0.0,349.5889587402344,0.0,356.1267395019531,0.0,404.72650146484375,0.0,433.5235290527344,0.0,458.0526428222656,0.0,521.021484375,0.0
172,213.7554931640625,-11.3311767578125,219.1038818359375,-11.99462890625,223.73782348632812,-7.742218017578125,263.013427734375,-2.61968994140625,233.30844116210938,-13.50494384765625,327.0718078613281,-6.43359375,288.69891357421875,-18.481048583984375,378.6336975097656,-13.468505859375,338.3868103027344,-11.2021484375,343.3352355957031,-12.79150390625,371.6386413574219,-33.087860107421875,419.187744140625,-14.335784912109375,442.7722473144531,-15.2803955078125,517.10009765625,-3.92138671875
173,195.45785522460938,-18.297637939453125,202.25802612304688,-16.845855712890625,212.10203552246094,-11.635787963867188,243.57626342773438,-19.437164306640625,227.2359619140625,-6.072479248046875,320.96759033203125,-6.104217529296875,278.8561706542969,-9.842742919921875,367.7359619140625,-10.897735595703125,329.10845947265625,-9.278350830078125,333.21673583984375,-10.118499755859375,367.77166748046875,-3.866973876953125,420.233642578125,1.0458984375,460.68035888671875,17.908111572265625,515.4395751953125,-1.6605224609375
174,167.53961181640625,-27.918243408203125,170.06143188476562,-32.19659423828125,205.82078552246094,-6.28125,224.73727416992188,-18.8389892578125,232.65713500976562,5.421173095703125,286.3349609375,-34.63262939453125,282.4164733886719,3.560302734375,330.4039001464844,-37.332061767578125,325.7584228515625,-3.35003662109375,326.71466064453125,-6.5020751953125,386.5001220703125,18.72845458984375,419.3146057128906,-0.919036865234375,468.0605773925781,7.380218505859375,515.6754760742188,0.23590087890625
175,154.8153076171875,-12.72430419921875,155.6887664794922,-14.372665405273438,202.60704040527344,-3.2137451171875,215.39324951171875,-9.344024658203125,237.35841369628906,4.7012786865234375,273.65625,-12.6787109375,288.8341979980469,6.417724609375,308.33001708984375,-22.073883056640625,327.9867858886719,2.228363037109375,329.08612060546875,2.3714599609375,395.8857421875,9.3856201171875,423.557861328125,4.243255615234375,477.5006408691406,9.4400634765625,516.118408203125,0.44293212890625
176,154.8153076171875,0.0,155.6887664794922,0.0,202.60704040527344,0.0,215.39324951171875,0.0,237.35841369628906,0.0,273.65625,0.0,288.8341979980469,0.0,308.33001708984375,0.0,327.9867858886719,0.0,329.08612060546875,0.0,395.8857421875,0.0,423.557861328125,0.0,477.5006408691406,0.0,516.118408203125,0.0
177,149.58523559570312,-5.230072021484375,149.416015625,-6.2727508544921875,202.9521942138672,0.34515380859375,205.52011108398438,-9.873138427734375,242.62213134765625,5.2637176513671875,264.6117858886719,-9.044464111328125,296.79632568359375,7.962127685546875,280.4007263183594,-27.929290771484375,327.40582275390625,-0.580963134765625,327.70452880859375,-1.381591796875,402.783203125,6.8974609375,410.68927001953125,-12.86859130859375,508.54736328125,31.046722412109375,507.9350280761719,-8.183380126953125
178,149.58523559570312,0.0,149.416015625,0.0,202.9521942138672,0.0,205.52011108398438,0.0,242.62213134765625,0.0,264.6117858886719,0.0,296.79632568359375,0.0,280.4007263183594,0.0,327.40582275390625,0.0,327.70452880859375,0.0,402.783203125,0.0,410.68927001953125,0.0,508.54736328125,0.0,507.9350280761719,0.0
179,147.11370849609375,-2.471527099609375,146.6149444580078,-2.8010711669921875,201.6960906982422,-1.256103515625,201.442138671875,-4.077972412109375,249.0286407470703,6.4065093994140625,261.0896911621094,-3.5220947265625,302.1236877441406,5.327362060546875,277.97857666015625,-2.422149658203125,330.4337158203125,3.02789306640625,332.3662109375,4.66168212890625,418.7562255859375,15.9730224609375,417.11376953125,6.42449951171875,524.7484130859375,16.2010498046875,509.13348388671875,1.198455810546875
180,143.87660217285156,-3.2371063232421875,144.02622985839844,-2.588714599609375,200.39239501953125,-1.3036956787109375,200.16064453125,-1.281494140625,249.1142578125,0.0856170654296875,261.0213623046875,-0.068328857421875,300.45025634765625,-1.673431396484375,285.0267333984375,7.04815673828125,332.2105712890625,1.77685546875,334.9263000488281,2.560089111328125,421.7832946777344,3.027069091796875,419.7895812988281,2.675811767578125,521.90771484375,-2.8406982421875,511.84637451171875,2.712890625
181,132.31466674804688,-11.561935424804688,132.99871826171875,-11.027511596679688,197.02243041992188,-3.369964599609375,200.2432403564453,0.0825958251953125,246.11285400390625,-3.00140380859375,257.56121826171875,-3.46014404296875,289.56744384765625,-10.8828125,289.11968994140625,4.09295654296875,330.9265441894531,-1.284027099609375,336.2614440917969,1.33514404296875,421.0316467285156,-0.75164794921875,428.2601318359375,8.470550537109375,517.5274047851562,-4.38031005859375,515.3897705078125,3.54339599609375
182,129.855712890625,-2.458953857421875,133.9335174560547,0.9347991943359375,191.29986572265625,-5.722564697265625,202.57223510742188,2.3289947509765625,237.8017578125,-8.31109619140625,260.5417785644531,2.980560302734375,268.9288635253906,-20.638580322265625,297.5753173828125,8.45562744140625,326.67523193359375,-4.251312255859375,335.18121337890625,-1.080230712890625,411.7283630371094,-9.30328369140625,428.96221923828125,0.70208740234375,493.71990966796875,-23.8074951171875,516.1796264648438,0.78985595703125
183,132.85264587402344,2.9969329833984375,141.1887969970703,7.255279541015625,188.05133056640625,-3.24853515625,207.12806701660156,4.5558319091796875,224.09303283691406,-13.708724975585938,266.87060546875,6.328826904296875,253.6052703857422,-15.323593139648438,324.875732421875,27.3004150390625,326.6521911621094,-0.023040771484375,334.8670654296875,-0.31414794921875,411.4400634765625,-0.288299560546875,429.09765625,0.13543701171875,494.736083984375,1.01617431640625,518.705078125,2.52545166015625
184,132.10089111328125,-0.7517547607421875,142.1912841796875,1.0024871826171875,186.31919860839844,-1.7321319580078125,208.96884155273438,1.8407745361328125,221.42198181152344,-2.671051025390625,271.3515319824219,4.480926513671875,247.2734375,-6.3318328857421875,339.0339660644531,14.158233642578125,325.3894348144531,-1.26275634765625,333.3837890625,-1.4832763671875,410.1200866699219,-1.319976806640625,429.22381591796875,0.12615966796875,494.9685974121094,0.232513427734375,519.0458984375,0.3408203125
185,130.85049438476562,-1.250396728515625,139.0272979736328,-3.1639862060546875,187.17608642578125,0.8568878173828125,210.18582153320312,1.21697998046875,224.09242248535156,2.670440673828125,277.3680419921875,6.016510009765625,244.63739013671875,-2.63604736328125,345.70782470703125,6.673858642578125,326.4256286621094,1.03619384765625,332.81378173828125,-0.57000732421875,411.51605224609375,1.395965576171875,429.1026306152344,-0.121185302734375,498.0343017578125,3.065704345703125,518.9763793945312,-0.06951904296875
186,128.9508514404297,-1.8996429443359375,133.8779296875,-5.1493682861328125,189.29071044921875,2.1146240234375,209.16009521484375,-1.025726318359375,231.4826202392578,7.39019775390625,279.9959716796875,2.6279296875,250.90538024902344,6.2679901123046875,344.74609375,-0.96173095703125,329.40740966796875,2.981781005859375,333.6804504394531,0.866668701171875,417.1157531738281,5.599700927734375,429.27728271484375,0.174652099609375,498.4306640625,0.3963623046875,519.1035766601562,0.127197265625
187,128.9508514404297,0.0,133.8779296875,0.0,189.29071044921875,0.0,209.16009521484375,0.0,231.4826202392578,0.0,279.9959716796875,0.0,250.90538024902344,0.0,344.74609375,0.0,329.40740966796875,0.0,333.6804504394531,0.0,417.1157531738281,0.0,429.27728271484375,0.0,498.4306640625,0.0,519.1035766601562,0.0
188,130.35472106933594,1.40386962890625,134.38214111328125,0.50421142578125,189.75732421875,0.46661376953125,206.232421875,-2.92767333984375,249.91448974609375,18.431869506835938,280.008056640625,0.0120849609375,273.180908203125,22.275527954101562,345.6597900390625,0.9136962890625,331.9523620605469,2.544952392578125,333.8782958984375,0.197845458984375,417.6121520996094,0.49639892578125,429.3599853515625,0.08270263671875,499.46649169921875,1.03582763671875,519.414306640625,0.31072998046875
189,131.81069946289062,1.4559783935546875,135.0170440673828,0.6349029541015625,191.59609985351562,1.838775634765625,201.73056030273438,-4.501861572265625,260.7376403808594,10.823150634765625,278.9711608886719,-1.036895751953125,306.4132995605469,33.232391357421875,342.8239440917969,-2.835845947265625,333.5760192871094,1.6236572265625,334.00250244140625,0.12420654296875,417.8099060058594,0.19775390625,429.3771667480469,0.017181396484375,500.5548400878906,1.088348388671875,519.6038208007812,0.18951416015625
190,131.79188537597656,-0.0188140869140625,133.98968505859375,-1.0273590087890625,192.93020629882812,1.3341064453125,198.1720733642578,-3.5584869384765625,266.9885559082031,6.25091552734375,278.59979248046875,-0.371368408203125,316.240966796875,9.827667236328125,343.1080627441406,0.28411865234375,336.3680419921875,2.792022705078125,335.9259033203125,1.92340087890625,419.8248596191406,2.01495361328125,431.04638671875,1.669219970703125,501.52423095703125,0.969390869140625,519.76513671875,0.16131591796875
191,131.3621063232422,-0.429779052734375,133.16644287109375,-0.8232421875,193.38401794433594,0.4538116455078125,190.47305297851562,-7.6990203857421875,261.92327880859375,-5.065277099609375,261.24169921875,-17.35809326171875,305.94354248046875,-10.29742431640625,322.8239440917969,-20.28411865234375,336.13214111328125,-0.23590087890625,335.5026550292969,-0.423248291015625,419.43133544921875,-0.393524169921875,431.0479736328125,0.0015869140625,501.7019958496094,0.177764892578125,519.8375854492188,0.07244873046875
192,132.0106201171875,0.6485137939453125,133.5473175048828,0.3808746337890625,193.69656372070312,0.3125457763671875,188.62155151367188,-1.85150146484375,262.6160888671875,0.69281005859375,261.929443359375,0.687744140625,306.6724548339844,0.728912353515625,321.4921875,-1.331756591796875,333.71466064453125,-2.41748046875,332.1649169921875,-3.337738037109375,419.3309020996094,-0.100433349609375,430.7035827636719,-0.344390869140625,501.786376953125,0.084381103515625,519.7982177734375,-0.03936767578125
193,132.77334594726562,0.762725830078125,134.5924072265625,1.0450897216796875,197.0948486328125,3.398284912109375,190.89088439941406,2.2693328857421875,266.40997314453125,3.79388427734375,264.6666564941406,2.737213134765625,315.26025390625,8.587799072265625,319.38397216796875,-2.10821533203125,333.5506896972656,-0.163970947265625,332.46270751953125,0.29779052734375,419.1247863769531,-0.20611572265625,430.71307373046875,0.009490966796875,501.8069763183594,0.020599365234375,519.9102172851562,0.11199951171875
194,132.56039428710938,-0.21295166015625,134.19911193847656,-0.3932952880859375,197.10690307617188,0.012054443359375,192.6018524169922,1.710968017578125,264.5608825683594,-1.849090576171875,265.5084533691406,0.841796875,315.0560302734375,-0.2042236328125,318.7326354980469,-0.651336669921875,331.8997802734375,-1.650909423828125,332.6101379394531,0.147430419921875,418.4199523925781,-0.704833984375,431.11669921875,0.40362548828125,501.82806396484375,0.021087646484375,520.0576171875,0.14739990234375
195,132.23751831054688,-0.3228759765625,134.14776611328125,-0.0513458251953125,196.304443359375,-0.802459716796875,192.96139526367188,0.3595428466796875,263.2311096191406,-1.32977294921875,266.5155944824219,1.00714111328125,312.4283447265625,-2.627685546875,315.171142578125,-3.561492919921875,330.05322265625,-1.8465576171875,332.398681640625,-0.211456298828125,416.90594482421875,-1.514007568359375,431.1986083984375,0.0819091796875,501.9424133300781,0.114349365234375,520.5773315429688,0.51971435546875
196,132.23751831054688,0.0,134.14776611328125,0.0,196.304443359375,0.0,192.96139526367188,0.0,263.2311096191406,0.0,266.5155944824219,0.0,312.4283447265625,0.0,315.171142578125,0.0,330.05322265625,0.0,332.398681640625,0.0,416.90594482421875,0.0,431.1986083984375,0.0,501.9424133300781,0.0,520.5773315429688,0.0
197,132.22915649414062,-0.00836181640625,134.45436096191406,0.3065948486328125,196.3216552734375,0.0172119140625,193.70811462402344,0.7467193603515625,264.7494812011719,1.51837158203125,271.4237060546875,4.908111572265625,313.5425109863281,1.114166259765625,317.11151123046875,1.94036865234375,330.18048095703125,0.12725830078125,332.74798583984375,0.34930419921875,416.9000244140625,-0.00592041015625,431.29718017578125,0.09857177734375,501.9427185058594,0.00030517578125,520.6219482421875,0.04461669921875
198,132.33201599121094,0.1028594970703125,134.74989318847656,0.2955322265625,196.44570922851562,0.124053955078125,193.99343872070312,0.2853240966796875,266.6531982421875,1.903717041015625,276.03448486328125,4.61077880859375,317.861572265625,4.319061279296875,320.9266662597656,3.815155029296875,330.298583984375,0.11810302734375,332.7664794921875,0.01849365234375,416.79486083984375,-0.10516357421875,431.299560546875,0.00238037109375,501.9483947753906,0.00567626953125,520.5963745117188,-0.02557373046875
199,132.41665649414062,0.0846405029296875,134.96234130859375,0.2124481201171875,195.92144775390625,-0.524261474609375,194.5777130126953,0.5842742919921875,265.9369201660156,-0.716278076171875,275.7668762207031,-0.267608642578125,316.7236633300781,-1.137908935546875,337.8377685546875,16.911102294921875,330.104248046875,-0.1943359375,332.3716735839844,-0.394805908203125,414.77471923828125,-2.0201416015625,431.1955261230469,-0.104034423828125,501.9889831542969,0.04058837890625,520.7297973632812,0.1334228515625
200,131.875244140625,-0.541412353515625,134.85684204101562,-0.105499267578125,196.02993774414062,0.108489990234375,194.9522705078125,0.3745574951171875,268.10308837890625,2.166168212890625,275.6386413574219,-0.12823486328125,326.07586669921875,9.352203369140625,343.08343505859375,5.24566650390625,332.3740234375,2.269775390625,333.72967529296875,1.358001708984375,415.2261962890625,0.45147705078125,433.25970458984375,2.064178466796875,502.000244140625,0.011260986328125,520.7589111328125,0.02911376953125
201,131.95916748046875,0.08392333984375,134.84674072265625,-0.010101318359375,196.0723876953125,0.042449951171875,194.83961486816406,-0.1126556396484375,267.67327880859375,-0.4298095703125,275.214599609375,-0.424041748046875,323.72955322265625,-2.3463134765625,342.4100036621094,-0.673431396484375,332.4606628417969,0.086639404296875,333.80712890625,0.07745361328125,416.1622314453125,0.93603515625,433.4308166503906,0.171112060546875,502.1338195800781,0.133575439453125,520.8670654296875,0.108154296875
202,131.98057556152344,0.0214080810546875,134.8368682861328,-0.0098724365234375,196.07896423339844,0.0065765380859375,194.9974365234375,0.1578216552734375,267.16448974609375,-0.5087890625,275.1482238769531,-0.066375732421875,323.2603454589844,-0.469207763671875,342.0495300292969,-0.3604736328125,333.3621520996094,0.9014892578125,334.753173828125,0.946044921875,416.9493103027344,0.787078857421875,433.71875,0.287933349609375,502.2932434082031,0.159423828125,520.8707275390625,0.003662109375
203,131.98057556152344,0.0,134.8368682861328,0.0,196.07896423339844,0.0,194.9974365234375,0.0,267.16448974609375,0.0,275.1482238769531,0.0,323.2603454589844,0.0,342.0495300292969,0.0,333.3621520996094,0.0,334.753173828125,0.0,416.9493103027344,0.0,433.71875,0.0,502.2932434082031,0.0,520.8707275390625,0.0
204,132.02418518066406,0.043609619140625,134.89321899414062,0.0563507080078125,196.3169708251953,0.238006591796875,195.07275390625,0.0753173828125,266.7493896484375,-0.41510009765625,275.1221008300781,-0.026123046875,315.5185241699219,-7.7418212890625,343.44122314453125,1.391693115234375,333.74737548828125,0.385223388671875,335.5633850097656,0.810211181640625,417.052490234375,0.103179931640625,434.1099548339844,0.391204833984375,502.39483642578125,0.101593017578125,520.8541259765625,-0.0166015625
205,132.02418518066406,0.0,134.89321899414062,0.0,196.3169708251953,0.0,195.07275390625,0.0,266.7493896484375,0.0,275.1221008300781,0.0,315.5185241699219,0.0,343.44122314453125,0.0,333.74737548828125,0.0,335.5633850097656,0.0,417.052490234375,0.0,434.1099548339844,0.0,502.39483642578125,0.0,520.8541259765625,0.0
206,132.09725952148438,0.0730743408203125,135.02090454101562,0.127685546875,196.8717041015625,0.5547332763671875,195.1719970703125,0.0992431640625,266.5012512207031,-0.248138427734375,276.51434326171875,1.392242431640625,313.05621337890625,-2.462310791015625,346.4844055175781,3.043182373046875,334.6090087890625,0.86163330078125,336.63104248046875,1.067657470703125,418.10174560546875,1.04925537109375,434.5581359863281,0.44818115234375,502.4845886230469,0.089752197265625,520.8548583984375,0.000732421875
207,132.1590576171875,0.061798095703125,135.27490234375,0.253997802734375,197.18753051757812,0.315826416015625,195.8695831298828,0.6975860595703125,267.0495300292969,0.54827880859375,277.10162353515625,0.5872802734375,314.67730712890625,1.62109375,345.0179748535156,-1.4664306640625,335.2919006347656,0.682891845703125,337.11529541015625,0.4842529296875,418.0953674316406,-0.006378173828125,434.5400695800781,-0.01806640625,502.4938659667969,0.00927734375,520.8604736328125,0.005615234375
208,132.18887329101562,0.029815673828125,135.36907958984375,0.09417724609375,196.7036590576172,-0.4838714599609375,195.98345947265625,0.1138763427734375,266.0696105957031,-0.97991943359375,276.95648193359375,-0.1451416015625,314.8211669921875,0.14385986328125,340.9953308105469,-4.02264404296875,333.5036926269531,-1.7882080078125,334.81732177734375,-2.2979736328125,417.534912109375,-0.560455322265625,430.8044128417969,-3.73565673828125,502.5407409667969,0.046875,520.8565673828125,-0.00390625
209,132.18887329101562,0.0,135.36907958984375,0.0,196.7036590576172,0.0,195.98345947265625,0.0,266.0696105957031,0.0,276.95648193359375,0.0,314.8211669921875,0.0,340.9953308105469,0.0,333.5036926269531,0.0,334.81732177734375,0.0,417.534912109375,0.0,430.8044128417969,0.0,502.5407409667969,0.0,520.8565673828125,0.0
210,132.18887329101562,0.0,135.36907958984375,0.0,196.7036590576172,0.0,195.98345947265625,0.0,266.0696105957031,0.0,276.95648193359375,0.0,314.8211669921875,0.0,340.9953308105469,0.0,333.5036926269531,0.0,334.81732177734375,0.0,417.534912109375,0.0,430.8044128417969,0.0,502.5407409667969,0.0,520.8565673828125,0.0
211,132.518310546875,0.329437255859375,135.9657440185547,0.5966644287109375,196.62315368652344,-0.08050537109375,196.02719116210938,0.043731689453125,265.8288269042969,-0.24078369140625,276.8677978515625,-0.08868408203125,314.7864074707031,-0.034759521484375,330.509521484375,-10.485809326171875,333.03411865234375,-0.469573974609375,334.5100402832031,-0.307281494140625,417.432861328125,-0.10205078125,430.6982727050781,-0.10614013671875,502.48455810546875,-0.056182861328125,520.843505859375,-0.0130615234375
212,132.518310546875,0.0,135.9657440185547,0.0,196.62315368652344,0.0,196.02719116210938,0.0,265.8288269042969,0.0,276.8677978515625,0.0,314.7864074707031,0.0,330.509521484375,0.0,333.03411865234375,0.0,334.5100402832031,0.0,417.432861328125,0.0,430.6982727050781,0.0,502.48455810546875,0.0,520.843505859375,0.0
213,133.2100830078125,0.6917724609375,136.4211883544922,0.4554443359375,196.64141845703125,0.0182647705078125,195.21759033203125,-0.809600830078125,266.7398376464844,0.9110107421875,276.64324951171875,-0.22454833984375,317.14227294921875,2.355865478515625,327.40582275390625,-3.10369873046875,332.6400146484375,-0.39410400390625,334.0306396484375,-0.479400634765625,417.20928955078125,-0.22357177734375,430.796142578125,0.097869873046875,502.5028991699219,0.018341064453125,520.8604736328125,0.0169677734375
